filepath,filename,width,height,classname,xmin,ymin,xmax,ymax
C:\Users\amgoo\Desktop\LPDR-system\Datasets\LP-Detection\train\00800092-Vehicle-244.jpg,00800092-Vehicle-244.jpg,950,782,License-Plate,352,363,632,427
C:\Users\amgoo\Desktop\LPDR-system\Datasets\LP-Detection\train\00898ee9-Vehicle-103.jpg,00898ee9-Vehicle-103.jpg,4000,3000,License-Plate,1929,1231,2686,1719
C:\Users\amgoo\Desktop\LPDR-system\Datasets\LP-Detection\train\0099efb5-Vehicle-384.jpg,0099efb5-Vehicle-384.jpg,1080,810,License-Plate,475,283,628,311
C:\Users\amgoo\Desktop\LPDR-system\Datasets\LP-Detection\train\00af035d-Vehicle-5.jpg,00af035d-Vehicle-5.jpg,4000,3000,License-Plate,813,1080,1127,1270
C:\Users\amgoo\Desktop\LPDR-system\Datasets\LP-Detection\train\00bd4c15-Vehicle-269.jpg,00bd4c15-Vehicle-269.jpg,480,600,License-Plate,169,323,319,356
C:\Users\amgoo\Desktop\LPDR-system\Datasets\LP-Detection\train\01f219e8-Vehicle-318.jpg,01f219e8-Vehicle-318.jpg,1080,1080,License-Plate,435,642,581,717
C:\Users\amgoo\Desktop\LPDR-system\Datasets\LP-Detection\train\01f219e8-Vehicle-318.jpg,01f219e8-Vehicle-318.jpg,1080,1080,License-Plate,978,388,1062,402
C:\Users\amgoo\Desktop\LPDR-system\Datasets\LP-Detection\train\01fd6863-Vehicle-72.JPG,01fd6863-Vehicle-72.JPG,4032,3024,License-Plate,1987,1872,2738,2024
C:\Users\amgoo\Desktop\LPDR-system\Datasets\LP-Detection\train\04a90798-Vehicle-257.jpg,04a90798-Vehicle-257.jpg,1440,1440,License-Plate,466,642,812,720
C:\Users\amgoo\Desktop\LPDR-system\Datasets\LP-Detection\train\05119742-Vehicle-429.jpg,05119742-Vehicle-429.jpg,320,213,License-Plate,59,119,93,142
C:\Users\amgoo\Desktop\LPDR-system\Datasets\LP-Detection\train\05274299-Vehicle-399.jpg,05274299-Vehicle-399.jpg,1440,1440,License-Plate,522,955,873,1032
C:\Users\amgoo\Desktop\LPDR-system\Datasets\LP-Detection\train\05970ec0-Vehicle-127.jpg,05970ec0-Vehicle-127.jpg,4000,3000,License-Plate,2116,1198,2601,1473
C:\Users\amgoo\Desktop\LPDR-system\Datasets\LP-Detection\train\06031906-Vehicle-177.jpg,06031906-Vehicle-177.jpg,965,965,License-Plate,535,507,688,592
C:\Users\amgoo\Desktop\LPDR-system\Datasets\LP-Detection\train\06198c82-Vehicle-71.JPG,06198c82-Vehicle-71.JPG,4032,3024,License-Plate,1685,2102,2430,2251
C:\Users\amgoo\Desktop\LPDR-system\Datasets\LP-Detection\train\069e2c36-Vehicle-312.jpg,069e2c36-Vehicle-312.jpg,1080,1079,License-Plate,413,517,751,582
C:\Users\amgoo\Desktop\LPDR-system\Datasets\LP-Detection\train\07d48153-Vehicle-440.jpg,07d48153-Vehicle-440.jpg,640,427,License-Plate,112,202,224,229
C:\Users\amgoo\Desktop\LPDR-system\Datasets\LP-Detection\train\0849d041-Vehicle-336.jpg,0849d041-Vehicle-336.jpg,640,426,License-Plate,184,263,249,301
C:\Users\amgoo\Desktop\LPDR-system\Datasets\LP-Detection\train\0887ce27-Vehicle-85.JPG,0887ce27-Vehicle-85.JPG,4032,2268,License-Plate,1730,1470,2286,1581
C:\Users\amgoo\Desktop\LPDR-system\Datasets\LP-Detection\train\0a954cb3-Vehicle-134.jpg,0a954cb3-Vehicle-134.jpg,4000,3000,License-Plate,1711,1340,2127,1431
C:\Users\amgoo\Desktop\LPDR-system\Datasets\LP-Detection\train\0a954cb3-Vehicle-134.jpg,0a954cb3-Vehicle-134.jpg,4000,3000,License-Plate,362,1148,547,1196
C:\Users\amgoo\Desktop\LPDR-system\Datasets\LP-Detection\train\0b845259-Vehicle-311.jpg,0b845259-Vehicle-311.jpg,1440,1440,License-Plate,536,954,939,1026
C:\Users\amgoo\Desktop\LPDR-system\Datasets\LP-Detection\train\0bc725f0-Vehicle-365.jpg,0bc725f0-Vehicle-365.jpg,640,545,License-Plate,298,302,352,331
C:\Users\amgoo\Desktop\LPDR-system\Datasets\LP-Detection\train\0c1a132a-Vehicle-394.jpg,0c1a132a-Vehicle-394.jpg,480,600,License-Plate,128,375,196,391
C:\Users\amgoo\Desktop\LPDR-system\Datasets\LP-Detection\train\0c7e00cf-Vehicle-159.jpg,0c7e00cf-Vehicle-159.jpg,480,600,License-Plate,180,302,299,327
C:\Users\amgoo\Desktop\LPDR-system\Datasets\LP-Detection\train\0d3cdecc-Vehicle-283.jpg,0d3cdecc-Vehicle-283.jpg,480,596,License-Plate,143,349,328,391
C:\Users\amgoo\Desktop\LPDR-system\Datasets\LP-Detection\train\0da38bf5-Vehicle-448.jpg,0da38bf5-Vehicle-448.jpg,640,427,License-Plate,241,302,316,345
C:\Users\amgoo\Desktop\LPDR-system\Datasets\LP-Detection\train\0da38bf5-Vehicle-448.jpg,0da38bf5-Vehicle-448.jpg,640,427,License-Plate,415,206,475,222
C:\Users\amgoo\Desktop\LPDR-system\Datasets\LP-Detection\train\0da38bf5-Vehicle-448.jpg,0da38bf5-Vehicle-448.jpg,640,427,License-Plate,518,177,570,189
C:\Users\amgoo\Desktop\LPDR-system\Datasets\LP-Detection\train\0da852d7-Vehicle-286.jpg,0da852d7-Vehicle-286.jpg,480,600,License-Plate,158,377,336,416
C:\Users\amgoo\Desktop\LPDR-system\Datasets\LP-Detection\train\0e35a523-Vehicle-143.jpg,0e35a523-Vehicle-143.jpg,1080,720,License-Plate,520,413,650,477
C:\Users\amgoo\Desktop\LPDR-system\Datasets\LP-Detection\train\0e582d7c-Vehicle-57.JPG,0e582d7c-Vehicle-57.JPG,4032,3024,License-Plate,2035,1793,2733,1939
C:\Users\amgoo\Desktop\LPDR-system\Datasets\LP-Detection\train\101abbd4-Vehicle-295.jpg,101abbd4-Vehicle-295.jpg,480,600,License-Plate,173,264,314,296
C:\Users\amgoo\Desktop\LPDR-system\Datasets\LP-Detection\train\10b2dc13-Vehicle-460.jpg,10b2dc13-Vehicle-460.jpg,900,1125,License-Plate,278,456,348,497
C:\Users\amgoo\Desktop\LPDR-system\Datasets\LP-Detection\train\1503733a-Vehicle-323.jpg,1503733a-Vehicle-323.jpg,720,720,License-Plate,223,494,478,547
C:\Users\amgoo\Desktop\LPDR-system\Datasets\LP-Detection\train\1580fea8-Vehicle-2.jpg,1580fea8-Vehicle-2.jpg,4000,3000,License-Plate,1268,1616,2096,1793
C:\Users\amgoo\Desktop\LPDR-system\Datasets\LP-Detection\train\16bb26c2-Vehicle-224.jpg,16bb26c2-Vehicle-224.jpg,320,400,License-Plate,106,287,196,340
C:\Users\amgoo\Desktop\LPDR-system\Datasets\LP-Detection\train\17173655-Vehicle-407.jpg,17173655-Vehicle-407.jpg,640,427,License-Plate,151,248,204,260
C:\Users\amgoo\Desktop\LPDR-system\Datasets\LP-Detection\train\17173655-Vehicle-407.jpg,17173655-Vehicle-407.jpg,640,427,License-Plate,468,257,514,269
C:\Users\amgoo\Desktop\LPDR-system\Datasets\LP-Detection\train\17f7cf26-Vehicle-179.jpg,17f7cf26-Vehicle-179.jpg,1076,1076,License-Plate,131,694,206,740
C:\Users\amgoo\Desktop\LPDR-system\Datasets\LP-Detection\train\17f7cf26-Vehicle-179.jpg,17f7cf26-Vehicle-179.jpg,1076,1076,License-Plate,643,684,727,731
C:\Users\amgoo\Desktop\LPDR-system\Datasets\LP-Detection\train\184d9d77-Vehicle-415.jpg,184d9d77-Vehicle-415.jpg,640,427,License-Plate,103,216,212,247
C:\Users\amgoo\Desktop\LPDR-system\Datasets\LP-Detection\train\1a883cf7-Vehicle-337.jpg,1a883cf7-Vehicle-337.jpg,1080,1080,License-Plate,541,642,653,669
C:\Users\amgoo\Desktop\LPDR-system\Datasets\LP-Detection\train\1a883cf7-Vehicle-337.jpg,1a883cf7-Vehicle-337.jpg,1080,1080,License-Plate,81,438,111,446
C:\Users\amgoo\Desktop\LPDR-system\Datasets\LP-Detection\train\1c1cec04-Vehicle-332.jpg,1c1cec04-Vehicle-332.jpg,768,960,License-Plate,310,570,423,625
C:\Users\amgoo\Desktop\LPDR-system\Datasets\LP-Detection\train\1c656625-Vehicle-359.jpg,1c656625-Vehicle-359.jpg,640,423,License-Plate,131,171,209,186
C:\Users\amgoo\Desktop\LPDR-system\Datasets\LP-Detection\train\1c656625-Vehicle-359.jpg,1c656625-Vehicle-359.jpg,640,423,License-Plate,521,181,569,193
C:\Users\amgoo\Desktop\LPDR-system\Datasets\LP-Detection\train\1c9a1e54-Vehicle-357.jpg,1c9a1e54-Vehicle-357.jpg,1080,1080,License-Plate,326,780,549,826
C:\Users\amgoo\Desktop\LPDR-system\Datasets\LP-Detection\train\1d05b888-Vehicle-345.jpg,1d05b888-Vehicle-345.jpg,1080,1350,License-Plate,513,842,636,910
C:\Users\amgoo\Desktop\LPDR-system\Datasets\LP-Detection\train\1d05b888-Vehicle-345.jpg,1d05b888-Vehicle-345.jpg,1080,1350,License-Plate,982,833,1023,859
C:\Users\amgoo\Desktop\LPDR-system\Datasets\LP-Detection\train\1d1e6344-Vehicle-141.jpg,1d1e6344-Vehicle-141.jpg,944,944,License-Plate,444,744,573,778
C:\Users\amgoo\Desktop\LPDR-system\Datasets\LP-Detection\train\1df0bf87-Vehicle-117.jpg,1df0bf87-Vehicle-117.jpg,4000,3000,License-Plate,2143,1364,2803,1493
C:\Users\amgoo\Desktop\LPDR-system\Datasets\LP-Detection\train\1e6eae6c-Vehicle-339.jpg,1e6eae6c-Vehicle-339.jpg,1080,1350,License-Plate,359,831,496,868
C:\Users\amgoo\Desktop\LPDR-system\Datasets\LP-Detection\train\1e6eae6c-Vehicle-339.jpg,1e6eae6c-Vehicle-339.jpg,1080,1350,License-Plate,36,584,58,606
C:\Users\amgoo\Desktop\LPDR-system\Datasets\LP-Detection\train\1e88349d-Vehicle-61.JPG,1e88349d-Vehicle-61.JPG,4032,3024,License-Plate,3,2139,546,2261
C:\Users\amgoo\Desktop\LPDR-system\Datasets\LP-Detection\train\1e88349d-Vehicle-61.JPG,1e88349d-Vehicle-61.JPG,4032,3024,License-Plate,2782,2208,3413,2326
C:\Users\amgoo\Desktop\LPDR-system\Datasets\LP-Detection\train\1f23f432-Vehicle-270.jpg,1f23f432-Vehicle-270.jpg,640,426,License-Plate,263,312,357,358
C:\Users\amgoo\Desktop\LPDR-system\Datasets\LP-Detection\train\1fc3683a-Vehicle-264.jpg,1fc3683a-Vehicle-264.jpg,830,830,License-Plate,280,400,547,463
C:\Users\amgoo\Desktop\LPDR-system\Datasets\LP-Detection\train\2092fc79-Vehicle-120.jpg,2092fc79-Vehicle-120.jpg,4000,3000,License-Plate,1809,1508,2261,1602
C:\Users\amgoo\Desktop\LPDR-system\Datasets\LP-Detection\train\20e2bb54-Vehicle-256.jpg,20e2bb54-Vehicle-256.jpg,1440,1440,License-Plate,430,715,970,822
C:\Users\amgoo\Desktop\LPDR-system\Datasets\LP-Detection\train\2144929d-Vehicle-164.jpg,2144929d-Vehicle-164.jpg,1080,720,License-Plate,360,443,521,475
C:\Users\amgoo\Desktop\LPDR-system\Datasets\LP-Detection\train\2345ee37-Vehicle-330.jpg,2345ee37-Vehicle-330.jpg,1080,1350,License-Plate,234,715,407,753
C:\Users\amgoo\Desktop\LPDR-system\Datasets\LP-Detection\train\23680856-Vehicle-208.jpg,23680856-Vehicle-208.jpg,320,400,License-Plate,128,213,202,229
C:\Users\amgoo\Desktop\LPDR-system\Datasets\LP-Detection\train\2409903f-Vehicle-114.jpg,2409903f-Vehicle-114.jpg,4000,3000,License-Plate,1659,1257,2177,1578
C:\Users\amgoo\Desktop\LPDR-system\Datasets\LP-Detection\train\2409903f-Vehicle-114.jpg,2409903f-Vehicle-114.jpg,4000,3000,License-Plate,2759,516,3120,608
C:\Users\amgoo\Desktop\LPDR-system\Datasets\LP-Detection\train\2430f937-Vehicle-161.jpg,2430f937-Vehicle-161.jpg,516,516,License-Plate,109,374,165,389
C:\Users\amgoo\Desktop\LPDR-system\Datasets\LP-Detection\train\2501beda-Vehicle-457.jpg,2501beda-Vehicle-457.jpg,1079,719,License-Plate,331,440,537,487
C:\Users\amgoo\Desktop\LPDR-system\Datasets\LP-Detection\train\2555d166-Vehicle-374.jpg,2555d166-Vehicle-374.jpg,960,720,License-Plate,312,496,457,529
C:\Users\amgoo\Desktop\LPDR-system\Datasets\LP-Detection\train\25f0946b-Vehicle-73.JPG,25f0946b-Vehicle-73.JPG,4032,3024,License-Plate,1657,1791,2298,1917
C:\Users\amgoo\Desktop\LPDR-system\Datasets\LP-Detection\train\2625811a-Vehicle-95.jpg,2625811a-Vehicle-95.jpg,4000,3000,License-Plate,1674,1350,2477,1533
C:\Users\amgoo\Desktop\LPDR-system\Datasets\LP-Detection\train\26993d32-Vehicle-191.jpg,26993d32-Vehicle-191.jpg,480,480,License-Plate,50,343,247,384
C:\Users\amgoo\Desktop\LPDR-system\Datasets\LP-Detection\train\282bc7a1-Vehicle-400.jpg,282bc7a1-Vehicle-400.jpg,1080,610,License-Plate,281,335,378,375
C:\Users\amgoo\Desktop\LPDR-system\Datasets\LP-Detection\train\285c9c3e-Vehicle-349.jpg,285c9c3e-Vehicle-349.jpg,1080,810,License-Plate,417,415,547,443
C:\Users\amgoo\Desktop\LPDR-system\Datasets\LP-Detection\train\28754be1-Vehicle-20.jpg,28754be1-Vehicle-20.jpg,4000,3000,License-Plate,1890,1788,2646,1996
C:\Users\amgoo\Desktop\LPDR-system\Datasets\LP-Detection\train\291c17f6-Vehicle-115.jpg,291c17f6-Vehicle-115.jpg,4000,3000,License-Plate,2227,1507,3117,1687
C:\Users\amgoo\Desktop\LPDR-system\Datasets\LP-Detection\train\2a1dcf60-Vehicle-242.jpg,2a1dcf60-Vehicle-242.jpg,1440,1440,License-Plate,552,652,926,738
C:\Users\amgoo\Desktop\LPDR-system\Datasets\LP-Detection\train\2a8627b1-Vehicle-410.jpg,2a8627b1-Vehicle-410.jpg,1080,1081,License-Plate,392,737,674,789
C:\Users\amgoo\Desktop\LPDR-system\Datasets\LP-Detection\train\2c307a1d-Vehicle-287.jpg,2c307a1d-Vehicle-287.jpg,480,600,License-Plate,173,325,321,355
C:\Users\amgoo\Desktop\LPDR-system\Datasets\LP-Detection\train\2ccd4c2d-Vehicle-160.jpg,2ccd4c2d-Vehicle-160.jpg,1080,719,License-Plate,760,369,896,467
C:\Users\amgoo\Desktop\LPDR-system\Datasets\LP-Detection\train\2e935f51-Vehicle-8.jpg,2e935f51-Vehicle-8.jpg,4000,3000,License-Plate,2021,1822,2677,1998
C:\Users\amgoo\Desktop\LPDR-system\Datasets\LP-Detection\train\32d27bd6-Vehicle-251.jpg,32d27bd6-Vehicle-251.jpg,1440,1440,License-Plate,494,849,913,948
C:\Users\amgoo\Desktop\LPDR-system\Datasets\LP-Detection\train\3376bc0f-Vehicle-121.jpg,3376bc0f-Vehicle-121.jpg,4000,3000,License-Plate,1720,1312,2342,1451
C:\Users\amgoo\Desktop\LPDR-system\Datasets\LP-Detection\train\34105131-Vehicle-154.jpg,34105131-Vehicle-154.jpg,1080,718,License-Plate,499,458,563,499
C:\Users\amgoo\Desktop\LPDR-system\Datasets\LP-Detection\train\34105131-Vehicle-154.jpg,34105131-Vehicle-154.jpg,1080,718,License-Plate,871,382,909,409
C:\Users\amgoo\Desktop\LPDR-system\Datasets\LP-Detection\train\3412373b-Vehicle-328.jpg,3412373b-Vehicle-328.jpg,1080,1080,License-Plate,811,689,1014,748
C:\Users\amgoo\Desktop\LPDR-system\Datasets\LP-Detection\train\3653e3bc-Vehicle-404.jpg,3653e3bc-Vehicle-404.jpg,640,425,License-Plate,184,262,316,293
C:\Users\amgoo\Desktop\LPDR-system\Datasets\LP-Detection\train\3653e3bc-Vehicle-404.jpg,3653e3bc-Vehicle-404.jpg,640,425,License-Plate,24,184,49,199
C:\Users\amgoo\Desktop\LPDR-system\Datasets\LP-Detection\train\36a7788f-Vehicle-196.jpg,36a7788f-Vehicle-196.jpg,480,480,License-Plate,153,283,217,320
C:\Users\amgoo\Desktop\LPDR-system\Datasets\LP-Detection\train\36af4740-Vehicle-451.jpg,36af4740-Vehicle-451.jpg,1080,720,License-Plate,475,543,666,584
C:\Users\amgoo\Desktop\LPDR-system\Datasets\LP-Detection\train\37a388e6-Vehicle-28.jpg,37a388e6-Vehicle-28.jpg,4000,3000,License-Plate,395,1690,826,1790
C:\Users\amgoo\Desktop\LPDR-system\Datasets\LP-Detection\train\37a388e6-Vehicle-28.jpg,37a388e6-Vehicle-28.jpg,4000,3000,License-Plate,1415,1696,1830,1816
C:\Users\amgoo\Desktop\LPDR-system\Datasets\LP-Detection\train\37a388e6-Vehicle-28.jpg,37a388e6-Vehicle-28.jpg,4000,3000,License-Plate,3106,1833,3738,1976
C:\Users\amgoo\Desktop\LPDR-system\Datasets\LP-Detection\train\38352e42-Vehicle-213.jpg,38352e42-Vehicle-213.jpg,320,400,License-Plate,120,276,213,295
C:\Users\amgoo\Desktop\LPDR-system\Datasets\LP-Detection\train\390e91ab-Vehicle-123.jpg,390e91ab-Vehicle-123.jpg,4000,3000,License-Plate,346,1053,736,1168
C:\Users\amgoo\Desktop\LPDR-system\Datasets\LP-Detection\train\390e91ab-Vehicle-123.jpg,390e91ab-Vehicle-123.jpg,4000,3000,License-Plate,1830,1230,2429,1372
C:\Users\amgoo\Desktop\LPDR-system\Datasets\LP-Detection\train\3a057645-Vehicle-217.jpg,3a057645-Vehicle-217.jpg,320,241,License-Plate,125,141,213,159
C:\Users\amgoo\Desktop\LPDR-system\Datasets\LP-Detection\train\3a2f55c3-Vehicle-157.jpg,3a2f55c3-Vehicle-157.jpg,928,928,License-Plate,588,614,709,641
C:\Users\amgoo\Desktop\LPDR-system\Datasets\LP-Detection\train\3a84a8d5-Vehicle-190.jpg,3a84a8d5-Vehicle-190.jpg,459,459,License-Plate,169,167,258,215
C:\Users\amgoo\Desktop\LPDR-system\Datasets\LP-Detection\train\3c60a996-Vehicle-229.jpg,3c60a996-Vehicle-229.jpg,1080,1350,License-Plate,228,848,374,935
C:\Users\amgoo\Desktop\LPDR-system\Datasets\LP-Detection\train\3c6c9875-Vehicle-303.jpg,3c6c9875-Vehicle-303.jpg,1080,1350,License-Plate,577,891,802,938
C:\Users\amgoo\Desktop\LPDR-system\Datasets\LP-Detection\train\3eea75c0-Vehicle-202.jpg,3eea75c0-Vehicle-202.jpg,320,400,License-Plate,116,188,199,207
C:\Users\amgoo\Desktop\LPDR-system\Datasets\LP-Detection\train\3eebcb63-Vehicle-417.jpg,3eebcb63-Vehicle-417.jpg,640,360,License-Plate,153,205,254,228
C:\Users\amgoo\Desktop\LPDR-system\Datasets\LP-Detection\train\40068bae-Vehicle-333.jpg,40068bae-Vehicle-333.jpg,1080,1350,License-Plate,370,635,451,694
C:\Users\amgoo\Desktop\LPDR-system\Datasets\LP-Detection\train\40068bae-Vehicle-333.jpg,40068bae-Vehicle-333.jpg,1080,1350,License-Plate,717,545,786,568
C:\Users\amgoo\Desktop\LPDR-system\Datasets\LP-Detection\train\40068bae-Vehicle-333.jpg,40068bae-Vehicle-333.jpg,1080,1350,License-Plate,959,503,1024,521
C:\Users\amgoo\Desktop\LPDR-system\Datasets\LP-Detection\train\41e5eb27-Vehicle-18.jpg,41e5eb27-Vehicle-18.jpg,4000,3000,License-Plate,1842,1280,2097,1341
C:\Users\amgoo\Desktop\LPDR-system\Datasets\LP-Detection\train\423d6fd3-Vehicle-254.jpg,423d6fd3-Vehicle-254.jpg,1440,1440,License-Plate,492,564,891,659
C:\Users\amgoo\Desktop\LPDR-system\Datasets\LP-Detection\train\445a5eef-Vehicle-152.jpg,445a5eef-Vehicle-152.jpg,1124,1124,License-Plate,671,433,810,463
C:\Users\amgoo\Desktop\LPDR-system\Datasets\LP-Detection\train\44891421-Vehicle-156.jpg,44891421-Vehicle-156.jpg,719,719,License-Plate,109,450,163,481
C:\Users\amgoo\Desktop\LPDR-system\Datasets\LP-Detection\train\44891421-Vehicle-156.jpg,44891421-Vehicle-156.jpg,719,719,License-Plate,541,446,588,474
C:\Users\amgoo\Desktop\LPDR-system\Datasets\LP-Detection\train\44e9056e-Vehicle-199.jpg,44e9056e-Vehicle-199.jpg,868,868,License-Plate,308,522,531,564
C:\Users\amgoo\Desktop\LPDR-system\Datasets\LP-Detection\train\44f58383-Vehicle-165.jpg,44f58383-Vehicle-165.jpg,720,447,License-Plate,252,210,339,234
C:\Users\amgoo\Desktop\LPDR-system\Datasets\LP-Detection\train\4715ebbd-Vehicle-277.jpg,4715ebbd-Vehicle-277.jpg,480,600,License-Plate,166,310,309,340
C:\Users\amgoo\Desktop\LPDR-system\Datasets\LP-Detection\train\47973779-Vehicle-442.jpg,47973779-Vehicle-442.jpg,640,427,License-Plate,423,264,480,297
C:\Users\amgoo\Desktop\LPDR-system\Datasets\LP-Detection\train\47cc0cf6-Vehicle-68.JPG,47cc0cf6-Vehicle-68.JPG,4032,3024,License-Plate,2126,2255,2902,2405
C:\Users\amgoo\Desktop\LPDR-system\Datasets\LP-Detection\train\480e6ac6-Vehicle-214.jpg,480e6ac6-Vehicle-214.jpg,1440,1440,License-Plate,870,1067,1087,1117
C:\Users\amgoo\Desktop\LPDR-system\Datasets\LP-Detection\train\484cff53-Vehicle-296.jpg,484cff53-Vehicle-296.jpg,480,600,License-Plate,176,400,305,428
C:\Users\amgoo\Desktop\LPDR-system\Datasets\LP-Detection\train\4857ad10-Vehicle-454.jpg,4857ad10-Vehicle-454.jpg,1080,606,License-Plate,560,371,714,406
C:\Users\amgoo\Desktop\LPDR-system\Datasets\LP-Detection\train\48a1af09-Vehicle-128.jpg,48a1af09-Vehicle-128.jpg,4000,3000,License-Plate,363,1365,663,1440
C:\Users\amgoo\Desktop\LPDR-system\Datasets\LP-Detection\train\48a1af09-Vehicle-128.jpg,48a1af09-Vehicle-128.jpg,4000,3000,License-Plate,1526,1251,1882,1340
C:\Users\amgoo\Desktop\LPDR-system\Datasets\LP-Detection\train\48a1af09-Vehicle-128.jpg,48a1af09-Vehicle-128.jpg,4000,3000,License-Plate,3201,1453,3712,1563
C:\Users\amgoo\Desktop\LPDR-system\Datasets\LP-Detection\train\498f7ab3-Vehicle-138.jpg,498f7ab3-Vehicle-138.jpg,1080,719,License-Plate,451,309,587,340
C:\Users\amgoo\Desktop\LPDR-system\Datasets\LP-Detection\train\4a2e4cf3-Vehicle-53.JPG,4a2e4cf3-Vehicle-53.JPG,4032,3024,License-Plate,1778,1741,2560,1893
C:\Users\amgoo\Desktop\LPDR-system\Datasets\LP-Detection\train\4acb8deb-Vehicle-445.jpg,4acb8deb-Vehicle-445.jpg,640,477,License-Plate,213,414,286,433
C:\Users\amgoo\Desktop\LPDR-system\Datasets\LP-Detection\train\4acb8deb-Vehicle-445.jpg,4acb8deb-Vehicle-445.jpg,640,477,License-Plate,386,329,448,342
C:\Users\amgoo\Desktop\LPDR-system\Datasets\LP-Detection\train\4b1a24bb-Vehicle-237.jpg,4b1a24bb-Vehicle-237.jpg,964,727,License-Plate,364,462,577,510
C:\Users\amgoo\Desktop\LPDR-system\Datasets\LP-Detection\train\4c8c5d20-Vehicle-258.jpg,4c8c5d20-Vehicle-258.jpg,1440,1440,License-Plate,537,881,977,982
C:\Users\amgoo\Desktop\LPDR-system\Datasets\LP-Detection\train\4d1be236-Vehicle-226.jpg,4d1be236-Vehicle-226.jpg,1080,1080,License-Plate,451,785,643,883
C:\Users\amgoo\Desktop\LPDR-system\Datasets\LP-Detection\train\4d41807e-Vehicle-166.jpg,4d41807e-Vehicle-166.jpg,1080,1350,License-Plate,406,818,712,888
C:\Users\amgoo\Desktop\LPDR-system\Datasets\LP-Detection\train\4d97cf12-Vehicle-265.jpg,4d97cf12-Vehicle-265.jpg,1440,1440,License-Plate,544,771,858,844
C:\Users\amgoo\Desktop\LPDR-system\Datasets\LP-Detection\train\4f3922b9-Vehicle-378.jpg,4f3922b9-Vehicle-378.jpg,1080,1351,License-Plate,337,850,475,930
C:\Users\amgoo\Desktop\LPDR-system\Datasets\LP-Detection\train\4f4798e6-Vehicle-220.jpg,4f4798e6-Vehicle-220.jpg,1440,1440,License-Plate,804,834,1112,900
C:\Users\amgoo\Desktop\LPDR-system\Datasets\LP-Detection\train\501c0515-Vehicle-83.JPG,501c0515-Vehicle-83.JPG,4032,2268,License-Plate,1462,1740,2073,1855
C:\Users\amgoo\Desktop\LPDR-system\Datasets\LP-Detection\train\5088b22a-Vehicle-75.JPG,5088b22a-Vehicle-75.JPG,4032,3024,License-Plate,1559,1408,1977,1490
C:\Users\amgoo\Desktop\LPDR-system\Datasets\LP-Detection\train\51799312-Vehicle-437.jpg,51799312-Vehicle-437.jpg,640,427,License-Plate,123,261,186,275
C:\Users\amgoo\Desktop\LPDR-system\Datasets\LP-Detection\train\51799312-Vehicle-437.jpg,51799312-Vehicle-437.jpg,640,427,License-Plate,464,263,530,277
C:\Users\amgoo\Desktop\LPDR-system\Datasets\LP-Detection\train\524c5b2b-Vehicle-142.jpg,524c5b2b-Vehicle-142.jpg,750,750,License-Plate,6,230,30,245
C:\Users\amgoo\Desktop\LPDR-system\Datasets\LP-Detection\train\524c5b2b-Vehicle-142.jpg,524c5b2b-Vehicle-142.jpg,750,750,License-Plate,498,484,645,517
C:\Users\amgoo\Desktop\LPDR-system\Datasets\LP-Detection\train\527cd626-Vehicle-421.jpg,527cd626-Vehicle-421.jpg,640,480,License-Plate,168,250,230,274
C:\Users\amgoo\Desktop\LPDR-system\Datasets\LP-Detection\train\53ae2278-Vehicle-80.JPG,53ae2278-Vehicle-80.JPG,4032,3024,License-Plate,2203,1935,2906,2084
C:\Users\amgoo\Desktop\LPDR-system\Datasets\LP-Detection\train\54cd214c-Vehicle-360.jpg,54cd214c-Vehicle-360.jpg,1080,1080,License-Plate,495,709,679,750
C:\Users\amgoo\Desktop\LPDR-system\Datasets\LP-Detection\train\55e337d1-Vehicle-439.jpg,55e337d1-Vehicle-439.jpg,1080,720,License-Plate,265,278,466,327
C:\Users\amgoo\Desktop\LPDR-system\Datasets\LP-Detection\train\57832c7a-Vehicle-334.jpg,57832c7a-Vehicle-334.jpg,934,489,License-Plate,98,190,194,209
C:\Users\amgoo\Desktop\LPDR-system\Datasets\LP-Detection\train\57b03f73-Vehicle-84.JPG,57b03f73-Vehicle-84.JPG,4032,2268,License-Plate,1547,1590,2139,1710
C:\Users\amgoo\Desktop\LPDR-system\Datasets\LP-Detection\train\57ebffa0-Vehicle-221.jpg,57ebffa0-Vehicle-221.jpg,1080,720,License-Plate,408,485,659,534
C:\Users\amgoo\Desktop\LPDR-system\Datasets\LP-Detection\train\581148eb-Vehicle-301.jpg,581148eb-Vehicle-301.jpg,480,360,License-Plate,184,210,283,232
C:\Users\amgoo\Desktop\LPDR-system\Datasets\LP-Detection\train\589f6605-Vehicle-135.jpg,589f6605-Vehicle-135.jpg,4000,3000,License-Plate,1366,1466,2702,1727
C:\Users\amgoo\Desktop\LPDR-system\Datasets\LP-Detection\train\589f6605-Vehicle-135.jpg,589f6605-Vehicle-135.jpg,4000,3000,License-Plate,3410,683,3836,788
C:\Users\amgoo\Desktop\LPDR-system\Datasets\LP-Detection\train\58c3ec16-Vehicle-396.jpg,58c3ec16-Vehicle-396.jpg,1080,808,License-Plate,413,485,653,542
C:\Users\amgoo\Desktop\LPDR-system\Datasets\LP-Detection\train\5928fd9d-Vehicle-26.jpg,5928fd9d-Vehicle-26.jpg,4000,3000,License-Plate,1795,1712,2689,2228
C:\Users\amgoo\Desktop\LPDR-system\Datasets\LP-Detection\train\5a3efd3c-Vehicle-381.jpg,5a3efd3c-Vehicle-381.jpg,640,335,License-Plate,158,264,251,285
C:\Users\amgoo\Desktop\LPDR-system\Datasets\LP-Detection\train\5b1f4d87-Vehicle-207.jpg,5b1f4d87-Vehicle-207.jpg,320,400,License-Plate,120,284,209,301
C:\Users\amgoo\Desktop\LPDR-system\Datasets\LP-Detection\train\5b72956e-Vehicle-427.jpg,5b72956e-Vehicle-427.jpg,320,181,License-Plate,165,124,206,135
C:\Users\amgoo\Desktop\LPDR-system\Datasets\LP-Detection\train\5bbf5c4c-Vehicle-453.jpg,5bbf5c4c-Vehicle-453.jpg,750,563,License-Plate,214,318,311,339
C:\Users\amgoo\Desktop\LPDR-system\Datasets\LP-Detection\train\5bd60d1f-Vehicle-370.jpg,5bd60d1f-Vehicle-370.jpg,640,335,License-Plate,91,249,169,265
C:\Users\amgoo\Desktop\LPDR-system\Datasets\LP-Detection\train\5bd60d1f-Vehicle-370.jpg,5bd60d1f-Vehicle-370.jpg,640,335,License-Plate,495,232,568,247
C:\Users\amgoo\Desktop\LPDR-system\Datasets\LP-Detection\train\5ca0653f-Vehicle-282.jpg,5ca0653f-Vehicle-282.jpg,480,596,License-Plate,162,314,325,350
C:\Users\amgoo\Desktop\LPDR-system\Datasets\LP-Detection\train\5d3774e1-Vehicle-46.JPG,5d3774e1-Vehicle-46.JPG,4032,3024,License-Plate,730,1494,956,1604
C:\Users\amgoo\Desktop\LPDR-system\Datasets\LP-Detection\train\5d3774e1-Vehicle-46.JPG,5d3774e1-Vehicle-46.JPG,4032,3024,License-Plate,2594,1766,2852,1919
C:\Users\amgoo\Desktop\LPDR-system\Datasets\LP-Detection\train\5dc3bcb1-Vehicle-293.jpg,5dc3bcb1-Vehicle-293.jpg,480,600,License-Plate,159,265,322,300
C:\Users\amgoo\Desktop\LPDR-system\Datasets\LP-Detection\train\5ecb22b2-Vehicle-298.jpg,5ecb22b2-Vehicle-298.jpg,480,600,License-Plate,168,369,310,397
C:\Users\amgoo\Desktop\LPDR-system\Datasets\LP-Detection\train\5f341421-Vehicle-406.jpg,5f341421-Vehicle-406.jpg,640,360,License-Plate,160,196,246,215
C:\Users\amgoo\Desktop\LPDR-system\Datasets\LP-Detection\train\5f6569a3-Vehicle-228.jpg,5f6569a3-Vehicle-228.jpg,1080,1350,License-Plate,490,845,657,928
C:\Users\amgoo\Desktop\LPDR-system\Datasets\LP-Detection\train\6004b1d2-Vehicle-291.jpg,6004b1d2-Vehicle-291.jpg,480,600,License-Plate,157,380,328,416
C:\Users\amgoo\Desktop\LPDR-system\Datasets\LP-Detection\train\601e7712-Vehicle-232.jpg,601e7712-Vehicle-232.jpg,640,614,License-Plate,466,353,559,410
C:\Users\amgoo\Desktop\LPDR-system\Datasets\LP-Detection\train\6087fc4e-Vehicle-252.jpg,6087fc4e-Vehicle-252.jpg,1440,1440,License-Plate,524,864,918,955
C:\Users\amgoo\Desktop\LPDR-system\Datasets\LP-Detection\train\60bb89f3-Vehicle-27.jpg,60bb89f3-Vehicle-27.jpg,4000,3000,License-Plate,1976,1226,2556,1360
C:\Users\amgoo\Desktop\LPDR-system\Datasets\LP-Detection\train\610e91b8-Vehicle-98.jpg,610e91b8-Vehicle-98.jpg,4000,3000,License-Plate,1735,1200,2470,1394
C:\Users\amgoo\Desktop\LPDR-system\Datasets\LP-Detection\train\610e91b8-Vehicle-98.jpg,610e91b8-Vehicle-98.jpg,4000,3000,License-Plate,3640,525,3759,636
C:\Users\amgoo\Desktop\LPDR-system\Datasets\LP-Detection\train\6192b4c8-Vehicle-331.jpg,6192b4c8-Vehicle-331.jpg,750,938,License-Plate,355,530,520,568
C:\Users\amgoo\Desktop\LPDR-system\Datasets\LP-Detection\train\62173b19-Vehicle-133.jpg,62173b19-Vehicle-133.jpg,4000,3000,License-Plate,35,977,307,1038
C:\Users\amgoo\Desktop\LPDR-system\Datasets\LP-Detection\train\62173b19-Vehicle-133.jpg,62173b19-Vehicle-133.jpg,4000,3000,License-Plate,1620,1268,2324,1411
C:\Users\amgoo\Desktop\LPDR-system\Datasets\LP-Detection\train\62173b19-Vehicle-133.jpg,62173b19-Vehicle-133.jpg,4000,3000,License-Plate,3585,1049,3815,1095
C:\Users\amgoo\Desktop\LPDR-system\Datasets\LP-Detection\train\630b2780-Vehicle-29.jpg,630b2780-Vehicle-29.jpg,4000,3000,License-Plate,2367,1430,2990,1767
C:\Users\amgoo\Desktop\LPDR-system\Datasets\LP-Detection\train\632b79c6-Vehicle-430.jpg,632b79c6-Vehicle-430.jpg,320,213,License-Plate,166,124,193,141
C:\Users\amgoo\Desktop\LPDR-system\Datasets\LP-Detection\train\633ff63b-Vehicle-132.jpg,633ff63b-Vehicle-132.jpg,4000,3000,License-Plate,873,1036,1166,1260
C:\Users\amgoo\Desktop\LPDR-system\Datasets\LP-Detection\train\633ff63b-Vehicle-132.jpg,633ff63b-Vehicle-132.jpg,4000,3000,License-Plate,1804,1223,2168,1497
C:\Users\amgoo\Desktop\LPDR-system\Datasets\LP-Detection\train\63927097-Vehicle-67.JPG,63927097-Vehicle-67.JPG,4032,3024,License-Plate,2181,2390,2653,2654
C:\Users\amgoo\Desktop\LPDR-system\Datasets\LP-Detection\train\63bfabb7-Vehicle-155.jpg,63bfabb7-Vehicle-155.jpg,1080,714,License-Plate,340,516,460,543
C:\Users\amgoo\Desktop\LPDR-system\Datasets\LP-Detection\train\63c8e979-Vehicle-137.jpg,63c8e979-Vehicle-137.jpg,1080,579,License-Plate,92,303,136,328
C:\Users\amgoo\Desktop\LPDR-system\Datasets\LP-Detection\train\63c8e979-Vehicle-137.jpg,63c8e979-Vehicle-137.jpg,1080,579,License-Plate,314,259,365,271
C:\Users\amgoo\Desktop\LPDR-system\Datasets\LP-Detection\train\63c8e979-Vehicle-137.jpg,63c8e979-Vehicle-137.jpg,1080,579,License-Plate,511,288,572,302
C:\Users\amgoo\Desktop\LPDR-system\Datasets\LP-Detection\train\63c8e979-Vehicle-137.jpg,63c8e979-Vehicle-137.jpg,1080,579,License-Plate,962,296,1005,320
C:\Users\amgoo\Desktop\LPDR-system\Datasets\LP-Detection\train\63c8e979-Vehicle-137.jpg,63c8e979-Vehicle-137.jpg,1080,579,License-Plate,732,261,781,272
C:\Users\amgoo\Desktop\LPDR-system\Datasets\LP-Detection\train\65185f10-Vehicle-300.jpg,65185f10-Vehicle-300.jpg,480,600,License-Plate,183,255,317,284
C:\Users\amgoo\Desktop\LPDR-system\Datasets\LP-Detection\train\65353c38-Vehicle-124.jpg,65353c38-Vehicle-124.jpg,4000,3000,License-Plate,487,1293,906,1386
C:\Users\amgoo\Desktop\LPDR-system\Datasets\LP-Detection\train\65353c38-Vehicle-124.jpg,65353c38-Vehicle-124.jpg,4000,3000,License-Plate,1427,1319,1828,1440
C:\Users\amgoo\Desktop\LPDR-system\Datasets\LP-Detection\train\65353c38-Vehicle-124.jpg,65353c38-Vehicle-124.jpg,4000,3000,License-Plate,3007,1491,3603,1629
C:\Users\amgoo\Desktop\LPDR-system\Datasets\LP-Detection\train\65549336-Vehicle-319.jpg,65549336-Vehicle-319.jpg,1080,1080,License-Plate,440,865,667,981
C:\Users\amgoo\Desktop\LPDR-system\Datasets\LP-Detection\train\660754fe-Vehicle-284.jpg,660754fe-Vehicle-284.jpg,480,600,License-Plate,156,359,326,398
C:\Users\amgoo\Desktop\LPDR-system\Datasets\LP-Detection\train\680d1fca-Vehicle-78.JPG,680d1fca-Vehicle-78.JPG,4032,3024,License-Plate,1696,1890,2246,2173
C:\Users\amgoo\Desktop\LPDR-system\Datasets\LP-Detection\train\681734ea-Vehicle-412.jpg,681734ea-Vehicle-412.jpg,1075,1075,License-Plate,394,608,685,675
C:\Users\amgoo\Desktop\LPDR-system\Datasets\LP-Detection\train\6827a5c0-Vehicle-424.jpg,6827a5c0-Vehicle-424.jpg,480,600,License-Plate,92,439,204,467
C:\Users\amgoo\Desktop\LPDR-system\Datasets\LP-Detection\train\685fc8d0-Vehicle-325.jpg,685fc8d0-Vehicle-325.jpg,640,426,License-Plate,402,240,466,256
C:\Users\amgoo\Desktop\LPDR-system\Datasets\LP-Detection\train\68dc6152-Vehicle-255.jpg,68dc6152-Vehicle-255.jpg,1440,1440,License-Plate,387,1006,906,1098
C:\Users\amgoo\Desktop\LPDR-system\Datasets\LP-Detection\train\68e85113-Vehicle-96.jpg,68e85113-Vehicle-96.jpg,4000,3000,License-Plate,2387,1323,3100,1481
C:\Users\amgoo\Desktop\LPDR-system\Datasets\LP-Detection\train\68eacc29-Vehicle-321.jpg,68eacc29-Vehicle-321.jpg,960,960,License-Plate,359,656,560,696
C:\Users\amgoo\Desktop\LPDR-system\Datasets\LP-Detection\train\6963147c-Vehicle-104.jpg,6963147c-Vehicle-104.jpg,4000,3000,License-Plate,1758,1182,2490,1640
C:\Users\amgoo\Desktop\LPDR-system\Datasets\LP-Detection\train\69a9198a-Vehicle-225.jpg,69a9198a-Vehicle-225.jpg,640,480,License-Plate,140,266,279,298
C:\Users\amgoo\Desktop\LPDR-system\Datasets\LP-Detection\train\69e20f07-Vehicle-167.jpg,69e20f07-Vehicle-167.jpg,1080,595,License-Plate,422,437,643,480
C:\Users\amgoo\Desktop\LPDR-system\Datasets\LP-Detection\train\6b0c92cc-Vehicle-385.jpg,6b0c92cc-Vehicle-385.jpg,1080,810,License-Plate,457,462,589,535
C:\Users\amgoo\Desktop\LPDR-system\Datasets\LP-Detection\train\6b25446a-Vehicle-389.jpg,6b25446a-Vehicle-389.jpg,1080,1351,License-Plate,69,933,366,999
C:\Users\amgoo\Desktop\LPDR-system\Datasets\LP-Detection\train\6b5cc01c-Vehicle-23.jpg,6b5cc01c-Vehicle-23.jpg,4000,3000,License-Plate,634,1819,887,1960
C:\Users\amgoo\Desktop\LPDR-system\Datasets\LP-Detection\train\6b5cc01c-Vehicle-23.jpg,6b5cc01c-Vehicle-23.jpg,4000,3000,License-Plate,1361,1660,1527,1704
C:\Users\amgoo\Desktop\LPDR-system\Datasets\LP-Detection\train\6b5cc01c-Vehicle-23.jpg,6b5cc01c-Vehicle-23.jpg,4000,3000,License-Plate,2151,1640,2337,1694
C:\Users\amgoo\Desktop\LPDR-system\Datasets\LP-Detection\train\6b5cc01c-Vehicle-23.jpg,6b5cc01c-Vehicle-23.jpg,4000,3000,License-Plate,3467,1857,3765,1924
C:\Users\amgoo\Desktop\LPDR-system\Datasets\LP-Detection\train\6b5cc01c-Vehicle-23.jpg,6b5cc01c-Vehicle-23.jpg,4000,3000,License-Plate,2569,1748,2812,1802
C:\Users\amgoo\Desktop\LPDR-system\Datasets\LP-Detection\train\6b7eff34-Vehicle-211.jpg,6b7eff34-Vehicle-211.jpg,320,400,License-Plate,113,313,207,332
C:\Users\amgoo\Desktop\LPDR-system\Datasets\LP-Detection\train\6b954ea6-Vehicle-44.JPG,6b954ea6-Vehicle-44.JPG,4032,3024,License-Plate,1724,1854,2020,2031
C:\Users\amgoo\Desktop\LPDR-system\Datasets\LP-Detection\train\6c42fbaf-Vehicle-139.jpg,6c42fbaf-Vehicle-139.jpg,1080,1350,License-Plate,321,546,574,602
C:\Users\amgoo\Desktop\LPDR-system\Datasets\LP-Detection\train\6d45a3a5-Vehicle-99.jpg,6d45a3a5-Vehicle-99.jpg,4000,3000,License-Plate,1805,1664,2238,1907
C:\Users\amgoo\Desktop\LPDR-system\Datasets\LP-Detection\train\6dfc2d12-Vehicle-70.JPG,6dfc2d12-Vehicle-70.JPG,4032,3024,License-Plate,2017,2086,2459,2329
C:\Users\amgoo\Desktop\LPDR-system\Datasets\LP-Detection\train\6f7ac5a0-Vehicle-116.jpg,6f7ac5a0-Vehicle-116.jpg,4000,3000,License-Plate,1682,1347,2165,1635
C:\Users\amgoo\Desktop\LPDR-system\Datasets\LP-Detection\train\70fa9096-Vehicle-380.jpg,70fa9096-Vehicle-380.jpg,1080,1350,License-Plate,385,845,557,946
C:\Users\amgoo\Desktop\LPDR-system\Datasets\LP-Detection\train\710ad8dd-Vehicle-420.jpg,710ad8dd-Vehicle-420.jpg,1080,720,License-Plate,629,401,801,443
C:\Users\amgoo\Desktop\LPDR-system\Datasets\LP-Detection\train\7173ffa3-Vehicle-467.jpg,7173ffa3-Vehicle-467.jpg,1080,808,License-Plate,102,462,140,472
C:\Users\amgoo\Desktop\LPDR-system\Datasets\LP-Detection\train\7173ffa3-Vehicle-467.jpg,7173ffa3-Vehicle-467.jpg,1080,808,License-Plate,219,474,247,485
C:\Users\amgoo\Desktop\LPDR-system\Datasets\LP-Detection\train\7173ffa3-Vehicle-467.jpg,7173ffa3-Vehicle-467.jpg,1080,808,License-Plate,443,493,477,507
C:\Users\amgoo\Desktop\LPDR-system\Datasets\LP-Detection\train\7173ffa3-Vehicle-467.jpg,7173ffa3-Vehicle-467.jpg,1080,808,License-Plate,744,531,819,547
C:\Users\amgoo\Desktop\LPDR-system\Datasets\LP-Detection\train\719b4d33-Vehicle-56.JPG,719b4d33-Vehicle-56.JPG,4032,3024,License-Plate,2023,1919,2384,2117
C:\Users\amgoo\Desktop\LPDR-system\Datasets\LP-Detection\train\71ff6930-Vehicle-327.jpg,71ff6930-Vehicle-327.jpg,1440,1440,License-Plate,355,1045,516,1090
C:\Users\amgoo\Desktop\LPDR-system\Datasets\LP-Detection\train\71ff6930-Vehicle-327.jpg,71ff6930-Vehicle-327.jpg,1440,1440,License-Plate,1329,795,1386,826
C:\Users\amgoo\Desktop\LPDR-system\Datasets\LP-Detection\train\722f1cdc-Vehicle-456.jpg,722f1cdc-Vehicle-456.jpg,640,430,License-Plate,224,228,400,268
C:\Users\amgoo\Desktop\LPDR-system\Datasets\LP-Detection\train\7238f6c2-Vehicle-455.jpg,7238f6c2-Vehicle-455.jpg,1080,1350,License-Plate,549,776,693,811
C:\Users\amgoo\Desktop\LPDR-system\Datasets\LP-Detection\train\725a9b56-Vehicle-15.jpg,725a9b56-Vehicle-15.jpg,4000,3000,License-Plate,3224,1248,3337,1330
C:\Users\amgoo\Desktop\LPDR-system\Datasets\LP-Detection\train\725a9b56-Vehicle-15.jpg,725a9b56-Vehicle-15.jpg,4000,3000,License-Plate,2327,1339,2640,1521
C:\Users\amgoo\Desktop\LPDR-system\Datasets\LP-Detection\train\725a9b56-Vehicle-15.jpg,725a9b56-Vehicle-15.jpg,4000,3000,License-Plate,3524,1500,3630,1603
C:\Users\amgoo\Desktop\LPDR-system\Datasets\LP-Detection\train\7273343c-Vehicle-458.jpg,7273343c-Vehicle-458.jpg,640,422,License-Plate,229,153,388,189
C:\Users\amgoo\Desktop\LPDR-system\Datasets\LP-Detection\train\72c5a4db-Vehicle-436.jpg,72c5a4db-Vehicle-436.jpg,943,707,License-Plate,338,398,601,458
C:\Users\amgoo\Desktop\LPDR-system\Datasets\LP-Detection\train\73ac86aa-Vehicle-268.jpg,73ac86aa-Vehicle-268.jpg,1440,1440,License-Plate,567,663,909,740
C:\Users\amgoo\Desktop\LPDR-system\Datasets\LP-Detection\train\741ca6fb-Vehicle-335.jpg,741ca6fb-Vehicle-335.jpg,800,600,License-Plate,102,284,138,306
C:\Users\amgoo\Desktop\LPDR-system\Datasets\LP-Detection\train\741ca6fb-Vehicle-335.jpg,741ca6fb-Vehicle-335.jpg,800,600,License-Plate,608,181,657,209
C:\Users\amgoo\Desktop\LPDR-system\Datasets\LP-Detection\train\741ca6fb-Vehicle-335.jpg,741ca6fb-Vehicle-335.jpg,800,600,License-Plate,346,220,374,241
C:\Users\amgoo\Desktop\LPDR-system\Datasets\LP-Detection\train\7478fc10-Vehicle-9.jpg,7478fc10-Vehicle-9.jpg,4000,3000,License-Plate,1331,1957,1748,2196
C:\Users\amgoo\Desktop\LPDR-system\Datasets\LP-Detection\train\74bea2de-Vehicle-136.jpg,74bea2de-Vehicle-136.jpg,640,494,License-Plate,13,259,91,279
C:\Users\amgoo\Desktop\LPDR-system\Datasets\LP-Detection\train\74bea2de-Vehicle-136.jpg,74bea2de-Vehicle-136.jpg,640,494,License-Plate,478,272,581,294
C:\Users\amgoo\Desktop\LPDR-system\Datasets\LP-Detection\train\74caf62b-Vehicle-354.jpg,74caf62b-Vehicle-354.jpg,1080,606,License-Plate,196,323,286,375
C:\Users\amgoo\Desktop\LPDR-system\Datasets\LP-Detection\train\74caf62b-Vehicle-354.jpg,74caf62b-Vehicle-354.jpg,1080,606,License-Plate,793,342,938,370
C:\Users\amgoo\Desktop\LPDR-system\Datasets\LP-Detection\train\74df1715-Vehicle-310.jpg,74df1715-Vehicle-310.jpg,1440,1440,License-Plate,381,721,1029,848
C:\Users\amgoo\Desktop\LPDR-system\Datasets\LP-Detection\train\75719370-Vehicle-449.jpg,75719370-Vehicle-449.jpg,955,567,License-Plate,116,327,184,342
C:\Users\amgoo\Desktop\LPDR-system\Datasets\LP-Detection\train\75719370-Vehicle-449.jpg,75719370-Vehicle-449.jpg,955,567,License-Plate,808,319,872,333
C:\Users\amgoo\Desktop\LPDR-system\Datasets\LP-Detection\train\75719370-Vehicle-449.jpg,75719370-Vehicle-449.jpg,955,567,License-Plate,465,333,531,347
C:\Users\amgoo\Desktop\LPDR-system\Datasets\LP-Detection\train\7592e354-Vehicle-463.jpg,7592e354-Vehicle-463.jpg,1080,720,License-Plate,679,463,878,512
C:\Users\amgoo\Desktop\LPDR-system\Datasets\LP-Detection\train\767150d5-Vehicle-367.jpg,767150d5-Vehicle-367.jpg,1080,1079,License-Plate,485,737,635,818
C:\Users\amgoo\Desktop\LPDR-system\Datasets\LP-Detection\train\76d79e17-Vehicle-65.JPG,76d79e17-Vehicle-65.JPG,2579,3024,License-Plate,648,1783,1230,1890
C:\Users\amgoo\Desktop\LPDR-system\Datasets\LP-Detection\train\76ff32e0-Vehicle-272.jpg,76ff32e0-Vehicle-272.jpg,480,360,License-Plate,194,197,281,216
C:\Users\amgoo\Desktop\LPDR-system\Datasets\LP-Detection\train\77c8d454-Vehicle-352.jpg,77c8d454-Vehicle-352.jpg,1018,1018,License-Plate,677,746,825,830
C:\Users\amgoo\Desktop\LPDR-system\Datasets\LP-Detection\train\786f440d-Vehicle-205.jpg,786f440d-Vehicle-205.jpg,480,598,License-Plate,162,355,326,388
C:\Users\amgoo\Desktop\LPDR-system\Datasets\LP-Detection\train\7942df84-Vehicle-206.jpg,7942df84-Vehicle-206.jpg,320,399,License-Plate,99,188,205,211
C:\Users\amgoo\Desktop\LPDR-system\Datasets\LP-Detection\train\79946fc3-Vehicle-17.jpg,79946fc3-Vehicle-17.jpg,4000,3000,License-Plate,1407,1582,2552,1802
C:\Users\amgoo\Desktop\LPDR-system\Datasets\LP-Detection\train\79cf943a-Vehicle-233.jpg,79cf943a-Vehicle-233.jpg,1440,1440,License-Plate,491,814,954,925
C:\Users\amgoo\Desktop\LPDR-system\Datasets\LP-Detection\train\7b2def2d-Vehicle-409.jpg,7b2def2d-Vehicle-409.jpg,640,427,License-Plate,272,284,378,308
C:\Users\amgoo\Desktop\LPDR-system\Datasets\LP-Detection\train\7c5347e7-Vehicle-418.jpg,7c5347e7-Vehicle-418.jpg,480,600,License-Plate,178,379,324,408
C:\Users\amgoo\Desktop\LPDR-system\Datasets\LP-Detection\train\7c6d3df8-Vehicle-1.jpg,7c6d3df8-Vehicle-1.jpg,4000,3000,License-Plate,2181,1621,2662,1919
C:\Users\amgoo\Desktop\LPDR-system\Datasets\LP-Detection\train\7cba4b29-Vehicle-174.jpg,7cba4b29-Vehicle-174.jpg,442,442,License-Plate,152,343,303,373
C:\Users\amgoo\Desktop\LPDR-system\Datasets\LP-Detection\train\7cdcdc1d-Vehicle-163.jpg,7cdcdc1d-Vehicle-163.jpg,640,427,License-Plate,341,271,470,300
C:\Users\amgoo\Desktop\LPDR-system\Datasets\LP-Detection\train\7d3132c7-Vehicle-41.JPG,7d3132c7-Vehicle-41.JPG,4032,3024,License-Plate,1358,1718,2322,1914
C:\Users\amgoo\Desktop\LPDR-system\Datasets\LP-Detection\train\7d94da4a-Vehicle-140.jpg,7d94da4a-Vehicle-140.jpg,1080,1080,License-Plate,369,762,663,834
C:\Users\amgoo\Desktop\LPDR-system\Datasets\LP-Detection\train\7e0d34ed-Vehicle-373.jpg,7e0d34ed-Vehicle-373.jpg,1440,1440,License-Plate,676,684,908,729
C:\Users\amgoo\Desktop\LPDR-system\Datasets\LP-Detection\train\7ed1a385-Vehicle-64.JPG,7ed1a385-Vehicle-64.JPG,4032,3024,License-Plate,379,1964,816,2064
C:\Users\amgoo\Desktop\LPDR-system\Datasets\LP-Detection\train\7ed1a385-Vehicle-64.JPG,7ed1a385-Vehicle-64.JPG,4032,3024,License-Plate,2931,1904,3468,2010
C:\Users\amgoo\Desktop\LPDR-system\Datasets\LP-Detection\train\7ef8df17-Vehicle-201.jpg,7ef8df17-Vehicle-201.jpg,320,400,License-Plate,120,270,196,286
C:\Users\amgoo\Desktop\LPDR-system\Datasets\LP-Detection\train\7f14801f-Vehicle-263.jpg,7f14801f-Vehicle-263.jpg,1280,1280,License-Plate,468,836,804,906
C:\Users\amgoo\Desktop\LPDR-system\Datasets\LP-Detection\train\7f249728-Vehicle-178.jpg,7f249728-Vehicle-178.jpg,1080,1335,License-Plate,584,774,988,858
C:\Users\amgoo\Desktop\LPDR-system\Datasets\LP-Detection\train\7f2ceaf8-Vehicle-245.jpg,7f2ceaf8-Vehicle-245.jpg,640,527,License-Plate,216,344,415,386
C:\Users\amgoo\Desktop\LPDR-system\Datasets\LP-Detection\train\7f4e100f-Vehicle-364.jpg,7f4e100f-Vehicle-364.jpg,480,360,License-Plate,200,162,289,180
C:\Users\amgoo\Desktop\LPDR-system\Datasets\LP-Detection\train\7ff899ec-Vehicle-276.jpg,7ff899ec-Vehicle-276.jpg,480,315,License-Plate,195,138,308,160
C:\Users\amgoo\Desktop\LPDR-system\Datasets\LP-Detection\train\8128bbab-Vehicle-266.jpg,8128bbab-Vehicle-266.jpg,1440,1440,License-Plate,515,595,936,689
C:\Users\amgoo\Desktop\LPDR-system\Datasets\LP-Detection\train\817f923d-Vehicle-146.jpg,817f923d-Vehicle-146.jpg,720,886,License-Plate,325,692,527,736
C:\Users\amgoo\Desktop\LPDR-system\Datasets\LP-Detection\train\81e6ed04-Vehicle-173.jpg,81e6ed04-Vehicle-173.jpg,640,424,License-Plate,384,267,504,295
C:\Users\amgoo\Desktop\LPDR-system\Datasets\LP-Detection\train\8211f8e5-Vehicle-386.jpg,8211f8e5-Vehicle-386.jpg,1080,1080,License-Plate,571,694,692,763
C:\Users\amgoo\Desktop\LPDR-system\Datasets\LP-Detection\train\8288c350-Vehicle-47.JPG,8288c350-Vehicle-47.JPG,4032,3024,License-Plate,660,1819,902,1948
C:\Users\amgoo\Desktop\LPDR-system\Datasets\LP-Detection\train\8288c350-Vehicle-47.JPG,8288c350-Vehicle-47.JPG,4032,3024,License-Plate,2993,1909,3426,1999
C:\Users\amgoo\Desktop\LPDR-system\Datasets\LP-Detection\train\82894d5b-Vehicle-34.jpg,82894d5b-Vehicle-34.jpg,4000,3000,License-Plate,1968,1540,2420,1636
C:\Users\amgoo\Desktop\LPDR-system\Datasets\LP-Detection\train\8292c07a-Vehicle-231.jpg,8292c07a-Vehicle-231.jpg,480,598,License-Plate,201,511,288,547
C:\Users\amgoo\Desktop\LPDR-system\Datasets\LP-Detection\train\838c4cb4-Vehicle-317.jpg,838c4cb4-Vehicle-317.jpg,768,768,License-Plate,162,480,483,545
C:\Users\amgoo\Desktop\LPDR-system\Datasets\LP-Detection\train\842d0cb4-Vehicle-391.jpg,842d0cb4-Vehicle-391.jpg,480,590,License-Plate,206,441,247,450
C:\Users\amgoo\Desktop\LPDR-system\Datasets\LP-Detection\train\84bdbcc2-Vehicle-193.jpg,84bdbcc2-Vehicle-193.jpg,960,960,License-Plate,414,609,711,673
C:\Users\amgoo\Desktop\LPDR-system\Datasets\LP-Detection\train\84df81b3-Vehicle-189.jpg,84df81b3-Vehicle-189.jpg,682,682,License-Plate,275,494,433,529
C:\Users\amgoo\Desktop\LPDR-system\Datasets\LP-Detection\train\85b8b04a-Vehicle-369.jpg,85b8b04a-Vehicle-369.jpg,1440,1440,License-Plate,671,938,910,984
C:\Users\amgoo\Desktop\LPDR-system\Datasets\LP-Detection\train\85b8b04a-Vehicle-369.jpg,85b8b04a-Vehicle-369.jpg,1440,1440,License-Plate,1235,652,1320,669
C:\Users\amgoo\Desktop\LPDR-system\Datasets\LP-Detection\train\863c7d13-Vehicle-170.jpg,863c7d13-Vehicle-170.jpg,1440,1440,License-Plate,1085,848,1373,931
C:\Users\amgoo\Desktop\LPDR-system\Datasets\LP-Detection\train\86ac6421-Vehicle-274.jpg,86ac6421-Vehicle-274.jpg,525,463,License-Plate,206,288,332,317
C:\Users\amgoo\Desktop\LPDR-system\Datasets\LP-Detection\train\86e25b96-Vehicle-21.jpg,86e25b96-Vehicle-21.jpg,4000,3000,License-Plate,1766,2019,2195,2301
C:\Users\amgoo\Desktop\LPDR-system\Datasets\LP-Detection\train\86ed87c5-Vehicle-423.jpg,86ed87c5-Vehicle-423.jpg,640,456,License-Plate,98,257,153,269
C:\Users\amgoo\Desktop\LPDR-system\Datasets\LP-Detection\train\86ed87c5-Vehicle-423.jpg,86ed87c5-Vehicle-423.jpg,640,456,License-Plate,404,275,456,287
C:\Users\amgoo\Desktop\LPDR-system\Datasets\LP-Detection\train\86edba4e-Vehicle-297.jpg,86edba4e-Vehicle-297.jpg,480,600,License-Plate,174,313,320,345
C:\Users\amgoo\Desktop\LPDR-system\Datasets\LP-Detection\train\86f48f61-Vehicle-308.jpg,86f48f61-Vehicle-308.jpg,1279,1279,License-Plate,442,772,822,849
C:\Users\amgoo\Desktop\LPDR-system\Datasets\LP-Detection\train\87a215a8-Vehicle-200.jpg,87a215a8-Vehicle-200.jpg,480,600,License-Plate,166,413,336,450
C:\Users\amgoo\Desktop\LPDR-system\Datasets\LP-Detection\train\886aaff8-Vehicle-88.JPG,886aaff8-Vehicle-88.JPG,4032,2268,License-Plate,1359,1338,2321,1533
C:\Users\amgoo\Desktop\LPDR-system\Datasets\LP-Detection\train\89962012-Vehicle-309.jpg,89962012-Vehicle-309.jpg,1024,1024,License-Plate,245,782,781,887
C:\Users\amgoo\Desktop\LPDR-system\Datasets\LP-Detection\train\89dabfdc-Vehicle-188.jpg,89dabfdc-Vehicle-188.jpg,1080,1080,License-Plate,365,622,645,685
C:\Users\amgoo\Desktop\LPDR-system\Datasets\LP-Detection\train\8a6d72c9-Vehicle-181.jpg,8a6d72c9-Vehicle-181.jpg,640,641,License-Plate,329,412,416,440
C:\Users\amgoo\Desktop\LPDR-system\Datasets\LP-Detection\train\8a89968d-Vehicle-203.jpg,8a89968d-Vehicle-203.jpg,1440,1440,License-Plate,657,1136,1006,1212
C:\Users\amgoo\Desktop\LPDR-system\Datasets\LP-Detection\train\8ab271c2-Vehicle-81.JPG,8ab271c2-Vehicle-81.JPG,4032,3024,License-Plate,955,1641,1197,1781
C:\Users\amgoo\Desktop\LPDR-system\Datasets\LP-Detection\train\8ab271c2-Vehicle-81.JPG,8ab271c2-Vehicle-81.JPG,4032,3024,License-Plate,2827,1744,3260,1829
C:\Users\amgoo\Desktop\LPDR-system\Datasets\LP-Detection\train\8ae22442-Vehicle-39.JPG,8ae22442-Vehicle-39.JPG,4032,3024,License-Plate,1439,1609,2149,1754
C:\Users\amgoo\Desktop\LPDR-system\Datasets\LP-Detection\train\8b93800e-Vehicle-62.JPG,8b93800e-Vehicle-62.JPG,4032,3024,License-Plate,2510,2528,3294,2691
C:\Users\amgoo\Desktop\LPDR-system\Datasets\LP-Detection\train\8bdd06a2-Vehicle-69.JPG,8bdd06a2-Vehicle-69.JPG,4032,3024,License-Plate,3070,2094,3504,2344
C:\Users\amgoo\Desktop\LPDR-system\Datasets\LP-Detection\train\8c5c886a-Vehicle-459.jpg,8c5c886a-Vehicle-459.jpg,1080,1334,License-Plate,218,821,341,856
C:\Users\amgoo\Desktop\LPDR-system\Datasets\LP-Detection\train\8c95f1d0-Vehicle-372.jpg,8c95f1d0-Vehicle-372.jpg,1440,1440,License-Plate,815,1029,1129,1098
C:\Users\amgoo\Desktop\LPDR-system\Datasets\LP-Detection\train\8cd33219-Vehicle-101.jpg,8cd33219-Vehicle-101.jpg,4000,3000,License-Plate,1598,1168,2264,1550
C:\Users\amgoo\Desktop\LPDR-system\Datasets\LP-Detection\train\8cfac01b-Vehicle-153.jpg,8cfac01b-Vehicle-153.jpg,1079,720,License-Plate,500,436,631,466
C:\Users\amgoo\Desktop\LPDR-system\Datasets\LP-Detection\train\8d10bbf9-Vehicle-353.jpg,8d10bbf9-Vehicle-353.jpg,1024,1024,License-Plate,386,691,598,789
C:\Users\amgoo\Desktop\LPDR-system\Datasets\LP-Detection\train\8d1fa5d2-Vehicle-12.jpg,8d1fa5d2-Vehicle-12.jpg,4000,3000,License-Plate,1133,1679,1559,1902
C:\Users\amgoo\Desktop\LPDR-system\Datasets\LP-Detection\train\8d79bd7c-Vehicle-184.jpg,8d79bd7c-Vehicle-184.jpg,1080,608,License-Plate,161,374,248,395
C:\Users\amgoo\Desktop\LPDR-system\Datasets\LP-Detection\train\8d79bd7c-Vehicle-184.jpg,8d79bd7c-Vehicle-184.jpg,1080,608,License-Plate,610,330,702,349
C:\Users\amgoo\Desktop\LPDR-system\Datasets\LP-Detection\train\8dc6311f-Vehicle-162.jpg,8dc6311f-Vehicle-162.jpg,1080,720,License-Plate,416,460,525,523
C:\Users\amgoo\Desktop\LPDR-system\Datasets\LP-Detection\train\8ea42566-Vehicle-219.jpg,8ea42566-Vehicle-219.jpg,320,400,License-Plate,120,239,204,260
C:\Users\amgoo\Desktop\LPDR-system\Datasets\LP-Detection\train\8f92b666-Vehicle-446.jpg,8f92b666-Vehicle-446.jpg,640,426,License-Plate,70,231,110,240
C:\Users\amgoo\Desktop\LPDR-system\Datasets\LP-Detection\train\8f92b666-Vehicle-446.jpg,8f92b666-Vehicle-446.jpg,640,426,License-Plate,222,215,276,226
C:\Users\amgoo\Desktop\LPDR-system\Datasets\LP-Detection\train\8ff4dfbf-Vehicle-32.jpg,8ff4dfbf-Vehicle-32.jpg,4000,3000,License-Plate,841,1468,1822,1704
C:\Users\amgoo\Desktop\LPDR-system\Datasets\LP-Detection\train\8ff4dfbf-Vehicle-32.jpg,8ff4dfbf-Vehicle-32.jpg,4000,3000,License-Plate,3661,841,3913,1040
C:\Users\amgoo\Desktop\LPDR-system\Datasets\LP-Detection\train\90289b3d-Vehicle-151.jpg,90289b3d-Vehicle-151.jpg,480,600,License-Plate,98,419,225,445
C:\Users\amgoo\Desktop\LPDR-system\Datasets\LP-Detection\train\90d9c72e-Vehicle-198.jpg,90d9c72e-Vehicle-198.jpg,789,789,License-Plate,179,418,278,443
C:\Users\amgoo\Desktop\LPDR-system\Datasets\LP-Detection\train\90d9c72e-Vehicle-198.jpg,90d9c72e-Vehicle-198.jpg,789,789,License-Plate,381,445,495,482
C:\Users\amgoo\Desktop\LPDR-system\Datasets\LP-Detection\train\91525fbd-Vehicle-278.jpg,91525fbd-Vehicle-278.jpg,480,600,License-Plate,148,220,334,262
C:\Users\amgoo\Desktop\LPDR-system\Datasets\LP-Detection\train\9157355d-Vehicle-94.jpg,9157355d-Vehicle-94.jpg,4000,3000,License-Plate,1852,1458,2540,1602
C:\Users\amgoo\Desktop\LPDR-system\Datasets\LP-Detection\train\915b8ae3-Vehicle-234.jpg,915b8ae3-Vehicle-234.jpg,640,436,License-Plate,238,280,378,311
C:\Users\amgoo\Desktop\LPDR-system\Datasets\LP-Detection\train\9288e4d2-Vehicle-171.jpg,9288e4d2-Vehicle-171.jpg,1080,1080,License-Plate,565,892,724,981
C:\Users\amgoo\Desktop\LPDR-system\Datasets\LP-Detection\train\9288e4d2-Vehicle-171.jpg,9288e4d2-Vehicle-171.jpg,1080,1080,License-Plate,977,547,1037,590
C:\Users\amgoo\Desktop\LPDR-system\Datasets\LP-Detection\train\93e3e63a-Vehicle-97.jpg,93e3e63a-Vehicle-97.jpg,4000,3000,License-Plate,1344,1328,2125,1506
C:\Users\amgoo\Desktop\LPDR-system\Datasets\LP-Detection\train\93f45ea6-Vehicle-194.jpg,93f45ea6-Vehicle-194.jpg,669,669,License-Plate,78,479,203,546
C:\Users\amgoo\Desktop\LPDR-system\Datasets\LP-Detection\train\94fbd9f1-Vehicle-182.jpg,94fbd9f1-Vehicle-182.jpg,1080,699,License-Plate,523,395,769,447
C:\Users\amgoo\Desktop\LPDR-system\Datasets\LP-Detection\train\95198bf2-Vehicle-31.jpg,95198bf2-Vehicle-31.jpg,4000,3000,License-Plate,942,1207,1402,1542
C:\Users\amgoo\Desktop\LPDR-system\Datasets\LP-Detection\train\95198bf2-Vehicle-31.jpg,95198bf2-Vehicle-31.jpg,4000,3000,License-Plate,2713,1487,3319,1923
C:\Users\amgoo\Desktop\LPDR-system\Datasets\LP-Detection\train\956ff984-Vehicle-25.jpg,956ff984-Vehicle-25.jpg,4000,3000,License-Plate,181,1306,1686,1612
C:\Users\amgoo\Desktop\LPDR-system\Datasets\LP-Detection\train\95b8fd81-Vehicle-197.jpg,95b8fd81-Vehicle-197.jpg,960,960,License-Plate,217,711,376,747
C:\Users\amgoo\Desktop\LPDR-system\Datasets\LP-Detection\train\95e1d225-Vehicle-426.jpg,95e1d225-Vehicle-426.jpg,320,181,License-Plate,206,131,262,145
C:\Users\amgoo\Desktop\LPDR-system\Datasets\LP-Detection\train\95f668c1-Vehicle-294.jpg,95f668c1-Vehicle-294.jpg,480,600,License-Plate,161,365,329,400
C:\Users\amgoo\Desktop\LPDR-system\Datasets\LP-Detection\train\96094573-Vehicle-131.jpg,96094573-Vehicle-131.jpg,4000,3000,License-Plate,632,1299,846,1435
C:\Users\amgoo\Desktop\LPDR-system\Datasets\LP-Detection\train\96094573-Vehicle-131.jpg,96094573-Vehicle-131.jpg,4000,3000,License-Plate,1234,1402,1457,1569
C:\Users\amgoo\Desktop\LPDR-system\Datasets\LP-Detection\train\96094573-Vehicle-131.jpg,96094573-Vehicle-131.jpg,4000,3000,License-Plate,2740,1528,3016,1721
C:\Users\amgoo\Desktop\LPDR-system\Datasets\LP-Detection\train\96242fb5-Vehicle-315.jpg,96242fb5-Vehicle-315.jpg,480,600,License-Plate,204,350,314,403
C:\Users\amgoo\Desktop\LPDR-system\Datasets\LP-Detection\train\9704fa2f-Vehicle-77.JPG,9704fa2f-Vehicle-77.JPG,4032,3024,License-Plate,2085,2324,2592,2443
C:\Users\amgoo\Desktop\LPDR-system\Datasets\LP-Detection\train\9766b914-Vehicle-51.JPG,9766b914-Vehicle-51.JPG,4032,3024,License-Plate,2332,1823,2716,2040
C:\Users\amgoo\Desktop\LPDR-system\Datasets\LP-Detection\train\9769897a-Vehicle-346.jpg,9769897a-Vehicle-346.jpg,1080,1350,License-Plate,639,784,775,816
C:\Users\amgoo\Desktop\LPDR-system\Datasets\LP-Detection\train\9813d280-Vehicle-7.jpg,9813d280-Vehicle-7.jpg,4000,3000,License-Plate,0,1975,789,2142
C:\Users\amgoo\Desktop\LPDR-system\Datasets\LP-Detection\train\9813d280-Vehicle-7.jpg,9813d280-Vehicle-7.jpg,4000,3000,License-Plate,3381,1957,3687,2168
C:\Users\amgoo\Desktop\LPDR-system\Datasets\LP-Detection\train\9813d280-Vehicle-7.jpg,9813d280-Vehicle-7.jpg,4000,3000,License-Plate,1238,1513,1368,1594
C:\Users\amgoo\Desktop\LPDR-system\Datasets\LP-Detection\train\99d23ebb-Vehicle-86.JPG,99d23ebb-Vehicle-86.JPG,4032,2268,License-Plate,1440,1233,2144,1375
C:\Users\amgoo\Desktop\LPDR-system\Datasets\LP-Detection\train\9a3cba04-Vehicle-118.jpg,9a3cba04-Vehicle-118.jpg,4000,3000,License-Plate,1821,1146,2152,1339
C:\Users\amgoo\Desktop\LPDR-system\Datasets\LP-Detection\train\9a3cba04-Vehicle-118.jpg,9a3cba04-Vehicle-118.jpg,4000,3000,License-Plate,91,712,175,764
C:\Users\amgoo\Desktop\LPDR-system\Datasets\LP-Detection\train\9a3cba04-Vehicle-118.jpg,9a3cba04-Vehicle-118.jpg,4000,3000,License-Plate,2707,869,2899,922
C:\Users\amgoo\Desktop\LPDR-system\Datasets\LP-Detection\train\9a3cba04-Vehicle-118.jpg,9a3cba04-Vehicle-118.jpg,4000,3000,License-Plate,3672,865,3877,923
C:\Users\amgoo\Desktop\LPDR-system\Datasets\LP-Detection\train\9a3cba04-Vehicle-118.jpg,9a3cba04-Vehicle-118.jpg,4000,3000,License-Plate,491,533,523,558
C:\Users\amgoo\Desktop\LPDR-system\Datasets\LP-Detection\train\9aceccb1-Vehicle-398.jpg,9aceccb1-Vehicle-398.jpg,1440,1440,License-Plate,598,1025,867,1087
C:\Users\amgoo\Desktop\LPDR-system\Datasets\LP-Detection\train\9aff2fc5-Vehicle-393.jpg,9aff2fc5-Vehicle-393.jpg,480,600,License-Plate,184,396,228,422
C:\Users\amgoo\Desktop\LPDR-system\Datasets\LP-Detection\train\9b5974d2-Vehicle-113.jpg,9b5974d2-Vehicle-113.jpg,4000,3000,License-Plate,1929,1172,2446,1473
C:\Users\amgoo\Desktop\LPDR-system\Datasets\LP-Detection\train\9b5974d2-Vehicle-113.jpg,9b5974d2-Vehicle-113.jpg,4000,3000,License-Plate,3413,1304,3601,1435
C:\Users\amgoo\Desktop\LPDR-system\Datasets\LP-Detection\train\9c07155a-Vehicle-461.jpg,9c07155a-Vehicle-461.jpg,1080,720,License-Plate,121,416,280,458
C:\Users\amgoo\Desktop\LPDR-system\Datasets\LP-Detection\train\9c4a81ef-Vehicle-19.jpg,9c4a81ef-Vehicle-19.jpg,4000,3000,License-Plate,1383,1415,3017,1784
C:\Users\amgoo\Desktop\LPDR-system\Datasets\LP-Detection\train\9d899e2d-Vehicle-322.jpg,9d899e2d-Vehicle-322.jpg,780,780,License-Plate,272,600,496,641
C:\Users\amgoo\Desktop\LPDR-system\Datasets\LP-Detection\train\9e10d8af-Vehicle-55.JPG,9e10d8af-Vehicle-55.JPG,4032,3024,License-Plate,1995,2442,2779,2595
C:\Users\amgoo\Desktop\LPDR-system\Datasets\LP-Detection\train\9f0f0c10-Vehicle-413.jpg,9f0f0c10-Vehicle-413.jpg,993,810,License-Plate,126,448,183,478
C:\Users\amgoo\Desktop\LPDR-system\Datasets\LP-Detection\train\9f0f0c10-Vehicle-413.jpg,9f0f0c10-Vehicle-413.jpg,993,810,License-Plate,767,438,832,483
C:\Users\amgoo\Desktop\LPDR-system\Datasets\LP-Detection\train\9f196c0f-Vehicle-366.jpg,9f196c0f-Vehicle-366.jpg,1440,1440,License-Plate,689,850,857,884
C:\Users\amgoo\Desktop\LPDR-system\Datasets\LP-Detection\train\9f4f5f93-Vehicle-92.jpg,9f4f5f93-Vehicle-92.jpg,4000,3000,License-Plate,2218,1264,2630,1524
C:\Users\amgoo\Desktop\LPDR-system\Datasets\LP-Detection\train\9f51cca3-Vehicle-329.jpg,9f51cca3-Vehicle-329.jpg,620,686,License-Plate,139,505,193,523
C:\Users\amgoo\Desktop\LPDR-system\Datasets\LP-Detection\train\a003fef4-Vehicle-302.jpg,a003fef4-Vehicle-302.jpg,480,360,License-Plate,190,210,269,227
C:\Users\amgoo\Desktop\LPDR-system\Datasets\LP-Detection\train\a05d4da2-Vehicle-411.jpg,a05d4da2-Vehicle-411.jpg,1063,1063,License-Plate,575,576,790,627
C:\Users\amgoo\Desktop\LPDR-system\Datasets\LP-Detection\train\a06f1db0-Vehicle-183.jpg,a06f1db0-Vehicle-183.jpg,606,606,License-Plate,231,408,404,442
C:\Users\amgoo\Desktop\LPDR-system\Datasets\LP-Detection\train\a269bfe2-Vehicle-239.jpg,a269bfe2-Vehicle-239.jpg,640,480,License-Plate,250,331,388,361
C:\Users\amgoo\Desktop\LPDR-system\Datasets\LP-Detection\train\a285a836-Vehicle-222.jpg,a285a836-Vehicle-222.jpg,1080,1080,License-Plate,443,746,717,811
C:\Users\amgoo\Desktop\LPDR-system\Datasets\LP-Detection\train\a2b33310-Vehicle-433.jpg,a2b33310-Vehicle-433.jpg,1080,721,License-Plate,236,494,388,533
C:\Users\amgoo\Desktop\LPDR-system\Datasets\LP-Detection\train\a2e006d6-Vehicle-147.jpg,a2e006d6-Vehicle-147.jpg,714,715,License-Plate,309,483,456,513
C:\Users\amgoo\Desktop\LPDR-system\Datasets\LP-Detection\train\a32c0490-Vehicle-395.jpg,a32c0490-Vehicle-395.jpg,480,600,License-Plate,102,465,197,485
C:\Users\amgoo\Desktop\LPDR-system\Datasets\LP-Detection\train\a374061b-Vehicle-464.jpg,a374061b-Vehicle-464.jpg,640,427,License-Plate,438,181,541,207
C:\Users\amgoo\Desktop\LPDR-system\Datasets\LP-Detection\train\a394fbbf-Vehicle-10.jpg,a394fbbf-Vehicle-10.jpg,4000,3000,License-Plate,2002,1606,2656,1751
C:\Users\amgoo\Desktop\LPDR-system\Datasets\LP-Detection\train\a4becf4b-Vehicle-466.jpg,a4becf4b-Vehicle-466.jpg,853,1067,License-Plate,532,725,708,770
C:\Users\amgoo\Desktop\LPDR-system\Datasets\LP-Detection\train\a55cad62-Vehicle-3.jpg,a55cad62-Vehicle-3.jpg,4000,3000,License-Plate,1113,1636,1958,1842
C:\Users\amgoo\Desktop\LPDR-system\Datasets\LP-Detection\train\a56029ca-Vehicle-452.jpg,a56029ca-Vehicle-452.jpg,1080,1350,License-Plate,173,868,316,901
C:\Users\amgoo\Desktop\LPDR-system\Datasets\LP-Detection\train\a56f64ae-Vehicle-368.jpg,a56f64ae-Vehicle-368.jpg,640,638,License-Plate,292,363,388,382
C:\Users\amgoo\Desktop\LPDR-system\Datasets\LP-Detection\train\a56f64ae-Vehicle-368.jpg,a56f64ae-Vehicle-368.jpg,640,638,License-Plate,453,277,494,285
C:\Users\amgoo\Desktop\LPDR-system\Datasets\LP-Detection\train\a5f254da-Vehicle-388.jpg,a5f254da-Vehicle-388.jpg,480,600,License-Plate,253,399,412,435
C:\Users\amgoo\Desktop\LPDR-system\Datasets\LP-Detection\train\a60dfa4d-Vehicle-355.jpg,a60dfa4d-Vehicle-355.jpg,1080,1080,License-Plate,430,462,559,487
C:\Users\amgoo\Desktop\LPDR-system\Datasets\LP-Detection\train\a63b805f-Vehicle-403.jpg,a63b805f-Vehicle-403.jpg,1080,716,License-Plate,641,451,853,503
C:\Users\amgoo\Desktop\LPDR-system\Datasets\LP-Detection\train\a652791a-Vehicle-48.JPG,a652791a-Vehicle-48.JPG,4032,3024,License-Plate,1790,1719,2015,1841
C:\Users\amgoo\Desktop\LPDR-system\Datasets\LP-Detection\train\a67be3de-Vehicle-377.jpg,a67be3de-Vehicle-377.jpg,1080,1350,License-Plate,309,881,539,934
C:\Users\amgoo\Desktop\LPDR-system\Datasets\LP-Detection\train\a6f14066-Vehicle-347.jpg,a6f14066-Vehicle-347.jpg,640,426,License-Plate,400,280,452,310
C:\Users\amgoo\Desktop\LPDR-system\Datasets\LP-Detection\train\a71010d8-Vehicle-74.JPG,a71010d8-Vehicle-74.JPG,4032,3024,License-Plate,1580,1994,1957,2212
C:\Users\amgoo\Desktop\LPDR-system\Datasets\LP-Detection\train\a78ccb81-Vehicle-376.jpg,a78ccb81-Vehicle-376.jpg,480,600,License-Plate,193,360,313,384
C:\Users\amgoo\Desktop\LPDR-system\Datasets\LP-Detection\train\a85c97fd-Vehicle-253.jpg,a85c97fd-Vehicle-253.jpg,1440,1440,License-Plate,551,823,956,917
C:\Users\amgoo\Desktop\LPDR-system\Datasets\LP-Detection\train\a8eaf5b5-Vehicle-375.jpg,a8eaf5b5-Vehicle-375.jpg,640,478,License-Plate,332,267,435,290
C:\Users\amgoo\Desktop\LPDR-system\Datasets\LP-Detection\train\a9ba0be5-Vehicle-343.jpg,a9ba0be5-Vehicle-343.jpg,750,742,License-Plate,279,543,460,595
C:\Users\amgoo\Desktop\LPDR-system\Datasets\LP-Detection\train\a9c92e2d-Vehicle-356.jpg,a9c92e2d-Vehicle-356.jpg,720,720,License-Plate,474,425,542,471
C:\Users\amgoo\Desktop\LPDR-system\Datasets\LP-Detection\train\a9dac07d-Vehicle-63.JPG,a9dac07d-Vehicle-63.JPG,4032,3024,License-Plate,1685,2424,2438,2577
C:\Users\amgoo\Desktop\LPDR-system\Datasets\LP-Detection\train\aa0d25b4-Vehicle-49.JPG,aa0d25b4-Vehicle-49.JPG,4032,3024,License-Plate,1480,1668,1696,1781
C:\Users\amgoo\Desktop\LPDR-system\Datasets\LP-Detection\train\aa4f8b05-Vehicle-419.jpg,aa4f8b05-Vehicle-419.jpg,1080,720,License-Plate,235,425,424,473
C:\Users\amgoo\Desktop\LPDR-system\Datasets\LP-Detection\train\aa6dce31-Vehicle-387.jpg,aa6dce31-Vehicle-387.jpg,480,598,License-Plate,188,343,298,369
C:\Users\amgoo\Desktop\LPDR-system\Datasets\LP-Detection\train\aaff6020-Vehicle-259.jpg,aaff6020-Vehicle-259.jpg,640,426,License-Plate,322,355,464,384
C:\Users\amgoo\Desktop\LPDR-system\Datasets\LP-Detection\train\abccebcf-Vehicle-246.jpg,abccebcf-Vehicle-246.jpg,828,827,License-Plate,331,613,482,690
C:\Users\amgoo\Desktop\LPDR-system\Datasets\LP-Detection\train\abceb4db-Vehicle-241.jpg,abceb4db-Vehicle-241.jpg,1440,1440,License-Plate,540,756,908,838
C:\Users\amgoo\Desktop\LPDR-system\Datasets\LP-Detection\train\ac3826e8-Vehicle-148.jpg,ac3826e8-Vehicle-148.jpg,480,600,License-Plate,183,418,307,442
C:\Users\amgoo\Desktop\LPDR-system\Datasets\LP-Detection\train\ad0dce25-Vehicle-250.jpg,ad0dce25-Vehicle-250.jpg,1440,1440,License-Plate,677,659,922,714
C:\Users\amgoo\Desktop\LPDR-system\Datasets\LP-Detection\train\ad1fb0bb-Vehicle-235.jpg,ad1fb0bb-Vehicle-235.jpg,640,480,License-Plate,248,300,369,326
C:\Users\amgoo\Desktop\LPDR-system\Datasets\LP-Detection\train\addb35b6-Vehicle-285.jpg,addb35b6-Vehicle-285.jpg,480,600,License-Plate,151,252,324,288
C:\Users\amgoo\Desktop\LPDR-system\Datasets\LP-Detection\train\af63dde6-Vehicle-144.jpg,af63dde6-Vehicle-144.jpg,960,960,License-Plate,312,619,589,670
C:\Users\amgoo\Desktop\LPDR-system\Datasets\LP-Detection\train\b002b1dd-Vehicle-447.jpg,b002b1dd-Vehicle-447.jpg,1080,720,License-Plate,520,510,668,588
C:\Users\amgoo\Desktop\LPDR-system\Datasets\LP-Detection\train\b02cf902-Vehicle-76.JPG,b02cf902-Vehicle-76.JPG,4032,3024,License-Plate,491,1757,707,1872
C:\Users\amgoo\Desktop\LPDR-system\Datasets\LP-Detection\train\b02cf902-Vehicle-76.JPG,b02cf902-Vehicle-76.JPG,4032,3024,License-Plate,3035,2117,3549,2232
C:\Users\amgoo\Desktop\LPDR-system\Datasets\LP-Detection\train\b036ad68-Vehicle-361.jpg,b036ad68-Vehicle-361.jpg,1080,1080,License-Plate,456,593,560,649
C:\Users\amgoo\Desktop\LPDR-system\Datasets\LP-Detection\train\b09f0f54-Vehicle-112.jpg,b09f0f54-Vehicle-112.jpg,4000,3000,License-Plate,1862,1406,2388,1545
C:\Users\amgoo\Desktop\LPDR-system\Datasets\LP-Detection\train\b09f0f54-Vehicle-112.jpg,b09f0f54-Vehicle-112.jpg,4000,3000,License-Plate,3356,1007,3529,1107
C:\Users\amgoo\Desktop\LPDR-system\Datasets\LP-Detection\train\b114ec78-Vehicle-435.jpg,b114ec78-Vehicle-435.jpg,1079,719,License-Plate,824,518,926,562
C:\Users\amgoo\Desktop\LPDR-system\Datasets\LP-Detection\train\b1540876-Vehicle-344.jpg,b1540876-Vehicle-344.jpg,1080,607,License-Plate,390,261,445,274
C:\Users\amgoo\Desktop\LPDR-system\Datasets\LP-Detection\train\b1540876-Vehicle-344.jpg,b1540876-Vehicle-344.jpg,1080,607,License-Plate,893,344,954,360
C:\Users\amgoo\Desktop\LPDR-system\Datasets\LP-Detection\train\b18d0c9c-Vehicle-260.jpg,b18d0c9c-Vehicle-260.jpg,1440,1440,License-Plate,570,634,1007,729
C:\Users\amgoo\Desktop\LPDR-system\Datasets\LP-Detection\train\b1c2f9df-Vehicle-42.JPG,b1c2f9df-Vehicle-42.JPG,4032,3024,License-Plate,1741,1518,2112,1726
C:\Users\amgoo\Desktop\LPDR-system\Datasets\LP-Detection\train\b26f87b7-Vehicle-58.JPG,b26f87b7-Vehicle-58.JPG,4032,3024,License-Plate,1944,1726,2512,1835
C:\Users\amgoo\Desktop\LPDR-system\Datasets\LP-Detection\train\b3374d6a-Vehicle-180.jpg,b3374d6a-Vehicle-180.jpg,776,720,License-Plate,515,454,661,535
C:\Users\amgoo\Desktop\LPDR-system\Datasets\LP-Detection\train\b5a05216-Vehicle-450.jpg,b5a05216-Vehicle-450.jpg,964,965,License-Plate,548,697,690,776
C:\Users\amgoo\Desktop\LPDR-system\Datasets\LP-Detection\train\b5aad512-Vehicle-169.jpg,b5aad512-Vehicle-169.jpg,538,538,License-Plate,150,301,251,325
C:\Users\amgoo\Desktop\LPDR-system\Datasets\LP-Detection\train\b6eceeb9-Vehicle-240.jpg,b6eceeb9-Vehicle-240.jpg,480,360,License-Plate,177,245,280,269
C:\Users\amgoo\Desktop\LPDR-system\Datasets\LP-Detection\train\b7404196-Vehicle-441.jpg,b7404196-Vehicle-441.jpg,640,427,License-Plate,331,216,429,238
C:\Users\amgoo\Desktop\LPDR-system\Datasets\LP-Detection\train\b740897e-Vehicle-383.jpg,b740897e-Vehicle-383.jpg,1080,718,License-Plate,411,491,501,511
C:\Users\amgoo\Desktop\LPDR-system\Datasets\LP-Detection\train\b76fd60a-Vehicle-30.jpg,b76fd60a-Vehicle-30.jpg,4000,3000,License-Plate,1209,1872,2623,2203
C:\Users\amgoo\Desktop\LPDR-system\Datasets\LP-Detection\train\b771b58e-Vehicle-238.jpg,b771b58e-Vehicle-238.jpg,480,362,License-Plate,195,153,298,176
C:\Users\amgoo\Desktop\LPDR-system\Datasets\LP-Detection\train\b7d394a0-Vehicle-348.jpg,b7d394a0-Vehicle-348.jpg,1080,1350,License-Plate,564,815,700,849
C:\Users\amgoo\Desktop\LPDR-system\Datasets\LP-Detection\train\b88feb8c-Vehicle-314.jpg,b88feb8c-Vehicle-314.jpg,1079,719,License-Plate,558,436,734,472
C:\Users\amgoo\Desktop\LPDR-system\Datasets\LP-Detection\train\b8e82f59-Vehicle-91.jpg,b8e82f59-Vehicle-91.jpg,4000,3000,License-Plate,1680,1293,2047,1514
C:\Users\amgoo\Desktop\LPDR-system\Datasets\LP-Detection\train\b8fceb9f-Vehicle-16.jpg,b8fceb9f-Vehicle-16.jpg,4000,3000,License-Plate,589,2018,811,2158
C:\Users\amgoo\Desktop\LPDR-system\Datasets\LP-Detection\train\b8fceb9f-Vehicle-16.jpg,b8fceb9f-Vehicle-16.jpg,4000,3000,License-Plate,1852,2146,2103,2310
C:\Users\amgoo\Desktop\LPDR-system\Datasets\LP-Detection\train\b8fceb9f-Vehicle-16.jpg,b8fceb9f-Vehicle-16.jpg,4000,3000,License-Plate,3349,1726,3668,1931
C:\Users\amgoo\Desktop\LPDR-system\Datasets\LP-Detection\train\b9a5425e-Vehicle-129.jpg,b9a5425e-Vehicle-129.jpg,4000,3000,License-Plate,1823,1261,2186,1456
C:\Users\amgoo\Desktop\LPDR-system\Datasets\LP-Detection\train\b9a5425e-Vehicle-129.jpg,b9a5425e-Vehicle-129.jpg,4000,3000,License-Plate,3049,781,3129,852
C:\Users\amgoo\Desktop\LPDR-system\Datasets\LP-Detection\train\b9a5425e-Vehicle-129.jpg,b9a5425e-Vehicle-129.jpg,4000,3000,License-Plate,3438,813,3521,889
C:\Users\amgoo\Desktop\LPDR-system\Datasets\LP-Detection\train\b9a5425e-Vehicle-129.jpg,b9a5425e-Vehicle-129.jpg,4000,3000,License-Plate,3708,864,3903,916
C:\Users\amgoo\Desktop\LPDR-system\Datasets\LP-Detection\train\ba5becf9-Vehicle-351.jpg,ba5becf9-Vehicle-351.jpg,1080,719,License-Plate,693,497,897,543
C:\Users\amgoo\Desktop\LPDR-system\Datasets\LP-Detection\train\baf27ba1-Vehicle-126.jpg,baf27ba1-Vehicle-126.jpg,8000,6000,License-Plate,1360,2658,1464,2711
C:\Users\amgoo\Desktop\LPDR-system\Datasets\LP-Detection\train\baf27ba1-Vehicle-126.jpg,baf27ba1-Vehicle-126.jpg,8000,6000,License-Plate,2305,2611,2394,2635
C:\Users\amgoo\Desktop\LPDR-system\Datasets\LP-Detection\train\baf27ba1-Vehicle-126.jpg,baf27ba1-Vehicle-126.jpg,8000,6000,License-Plate,2494,2622,2615,2653
C:\Users\amgoo\Desktop\LPDR-system\Datasets\LP-Detection\train\baf27ba1-Vehicle-126.jpg,baf27ba1-Vehicle-126.jpg,8000,6000,License-Plate,2900,2567,3030,2604
C:\Users\amgoo\Desktop\LPDR-system\Datasets\LP-Detection\train\baf27ba1-Vehicle-126.jpg,baf27ba1-Vehicle-126.jpg,8000,6000,License-Plate,3392,2633,3557,2673
C:\Users\amgoo\Desktop\LPDR-system\Datasets\LP-Detection\train\baf27ba1-Vehicle-126.jpg,baf27ba1-Vehicle-126.jpg,8000,6000,License-Plate,3867,2842,3995,2930
C:\Users\amgoo\Desktop\LPDR-system\Datasets\LP-Detection\train\baf27ba1-Vehicle-126.jpg,baf27ba1-Vehicle-126.jpg,8000,6000,License-Plate,4678,2770,4997,2838
C:\Users\amgoo\Desktop\LPDR-system\Datasets\LP-Detection\train\baf27ba1-Vehicle-126.jpg,baf27ba1-Vehicle-126.jpg,8000,6000,License-Plate,6675,2916,7029,3113
C:\Users\amgoo\Desktop\LPDR-system\Datasets\LP-Detection\train\baf5f931-Vehicle-249.jpg,baf5f931-Vehicle-249.jpg,640,639,License-Plate,249,403,370,469
C:\Users\amgoo\Desktop\LPDR-system\Datasets\LP-Detection\train\bb13ba11-Vehicle-187.jpg,bb13ba11-Vehicle-187.jpg,1080,1080,License-Plate,230,722,442,765
C:\Users\amgoo\Desktop\LPDR-system\Datasets\LP-Detection\train\bb5aa732-Vehicle-444.jpg,bb5aa732-Vehicle-444.jpg,640,475,License-Plate,279,340,319,352
C:\Users\amgoo\Desktop\LPDR-system\Datasets\LP-Detection\train\bb5aa732-Vehicle-444.jpg,bb5aa732-Vehicle-444.jpg,640,475,License-Plate,493,342,549,356
C:\Users\amgoo\Desktop\LPDR-system\Datasets\LP-Detection\train\bb90d33c-Vehicle-24.jpg,bb90d33c-Vehicle-24.jpg,4000,3000,License-Plate,3213,1816,3937,1987
C:\Users\amgoo\Desktop\LPDR-system\Datasets\LP-Detection\train\bb90d33c-Vehicle-24.jpg,bb90d33c-Vehicle-24.jpg,4000,3000,License-Plate,998,1591,1603,1727
C:\Users\amgoo\Desktop\LPDR-system\Datasets\LP-Detection\train\bd20d4b9-Vehicle-11.jpg,bd20d4b9-Vehicle-11.jpg,4000,3000,License-Plate,1712,1398,2034,1483
C:\Users\amgoo\Desktop\LPDR-system\Datasets\LP-Detection\train\bd20d4b9-Vehicle-11.jpg,bd20d4b9-Vehicle-11.jpg,4000,3000,License-Plate,3474,1297,3653,1354
C:\Users\amgoo\Desktop\LPDR-system\Datasets\LP-Detection\train\bd20d4b9-Vehicle-11.jpg,bd20d4b9-Vehicle-11.jpg,4000,3000,License-Plate,3156,1253,3303,1303
C:\Users\amgoo\Desktop\LPDR-system\Datasets\LP-Detection\train\bf663c57-Vehicle-14.jpg,bf663c57-Vehicle-14.jpg,4000,3000,License-Plate,2473,1543,2685,1683
C:\Users\amgoo\Desktop\LPDR-system\Datasets\LP-Detection\train\bf663c57-Vehicle-14.jpg,bf663c57-Vehicle-14.jpg,4000,3000,License-Plate,696,1307,756,1347
C:\Users\amgoo\Desktop\LPDR-system\Datasets\LP-Detection\train\bfe9fc49-Vehicle-304.jpg,bfe9fc49-Vehicle-304.jpg,480,361,License-Plate,184,201,281,223
C:\Users\amgoo\Desktop\LPDR-system\Datasets\LP-Detection\train\c097ebad-Vehicle-109.jpg,c097ebad-Vehicle-109.jpg,4000,3000,License-Plate,1194,1566,2081,2170
C:\Users\amgoo\Desktop\LPDR-system\Datasets\LP-Detection\train\c0bf6330-Vehicle-306.jpg,c0bf6330-Vehicle-306.jpg,1080,1079,License-Plate,403,660,617,768
C:\Users\amgoo\Desktop\LPDR-system\Datasets\LP-Detection\train\c228c199-Vehicle-52.JPG,c228c199-Vehicle-52.JPG,4032,3024,License-Plate,1349,1985,1830,2230
C:\Users\amgoo\Desktop\LPDR-system\Datasets\LP-Detection\train\c253d8ea-Vehicle-218.jpg,c253d8ea-Vehicle-218.jpg,320,400,License-Plate,135,293,190,326
C:\Users\amgoo\Desktop\LPDR-system\Datasets\LP-Detection\train\c2763138-Vehicle-223.jpg,c2763138-Vehicle-223.jpg,750,937,License-Plate,65,658,373,729
C:\Users\amgoo\Desktop\LPDR-system\Datasets\LP-Detection\train\c3792ad8-Vehicle-90.jpg,c3792ad8-Vehicle-90.jpg,4000,3000,License-Plate,1728,1576,2441,1753
C:\Users\amgoo\Desktop\LPDR-system\Datasets\LP-Detection\train\c37c8d1f-Vehicle-299.jpg,c37c8d1f-Vehicle-299.jpg,480,600,License-Plate,166,333,314,365
C:\Users\amgoo\Desktop\LPDR-system\Datasets\LP-Detection\train\c3f41bf1-Vehicle-175.jpg,c3f41bf1-Vehicle-175.jpg,1080,1080,License-Plate,370,736,517,776
C:\Users\amgoo\Desktop\LPDR-system\Datasets\LP-Detection\train\c3f41bf1-Vehicle-175.jpg,c3f41bf1-Vehicle-175.jpg,1080,1080,License-Plate,896,443,939,468
C:\Users\amgoo\Desktop\LPDR-system\Datasets\LP-Detection\train\c3f73eca-Vehicle-110.jpg,c3f73eca-Vehicle-110.jpg,4000,3000,License-Plate,2021,1496,2344,1731
C:\Users\amgoo\Desktop\LPDR-system\Datasets\LP-Detection\train\c3f73eca-Vehicle-110.jpg,c3f73eca-Vehicle-110.jpg,4000,3000,License-Plate,3413,1117,3727,1184
C:\Users\amgoo\Desktop\LPDR-system\Datasets\LP-Detection\train\c3f9cf5d-Vehicle-431.jpg,c3f9cf5d-Vehicle-431.jpg,320,213,License-Plate,111,134,183,150
C:\Users\amgoo\Desktop\LPDR-system\Datasets\LP-Detection\train\c3f9cf5d-Vehicle-431.jpg,c3f9cf5d-Vehicle-431.jpg,320,213,License-Plate,273,40,287,50
C:\Users\amgoo\Desktop\LPDR-system\Datasets\LP-Detection\train\c443ace0-Vehicle-402.jpg,c443ace0-Vehicle-402.jpg,480,599,License-Plate,213,405,277,441
C:\Users\amgoo\Desktop\LPDR-system\Datasets\LP-Detection\train\c4f41105-Vehicle-271.jpg,c4f41105-Vehicle-271.jpg,480,360,License-Plate,183,151,288,174
C:\Users\amgoo\Desktop\LPDR-system\Datasets\LP-Detection\train\c53a1933-Vehicle-185.jpg,c53a1933-Vehicle-185.jpg,720,720,License-Plate,259,379,356,434
C:\Users\amgoo\Desktop\LPDR-system\Datasets\LP-Detection\train\c62de00b-Vehicle-45.JPG,c62de00b-Vehicle-45.JPG,4032,3024,License-Plate,17,1899,289,2038
C:\Users\amgoo\Desktop\LPDR-system\Datasets\LP-Detection\train\c62de00b-Vehicle-45.JPG,c62de00b-Vehicle-45.JPG,4032,3024,License-Plate,1984,1775,2445,1875
C:\Users\amgoo\Desktop\LPDR-system\Datasets\LP-Detection\train\c73f8b77-Vehicle-79.JPG,c73f8b77-Vehicle-79.JPG,4032,3024,License-Plate,1695,1654,2323,1989
C:\Users\amgoo\Desktop\LPDR-system\Datasets\LP-Detection\train\c73f8b77-Vehicle-79.JPG,c73f8b77-Vehicle-79.JPG,4032,3024,License-Plate,506,1117,659,1207
C:\Users\amgoo\Desktop\LPDR-system\Datasets\LP-Detection\train\c7451fdc-Vehicle-443.jpg,c7451fdc-Vehicle-443.jpg,640,427,License-Plate,142,307,271,336
C:\Users\amgoo\Desktop\LPDR-system\Datasets\LP-Detection\train\c808496d-Vehicle-82.JPG,c808496d-Vehicle-82.JPG,4032,3024,License-Plate,1618,1620,2164,1762
C:\Users\amgoo\Desktop\LPDR-system\Datasets\LP-Detection\train\c87029b4-Vehicle-40.JPG,c87029b4-Vehicle-40.JPG,4032,3024,License-Plate,1525,1696,2105,1807
C:\Users\amgoo\Desktop\LPDR-system\Datasets\LP-Detection\train\c8712838-Vehicle-87.JPG,c8712838-Vehicle-87.JPG,4032,2268,License-Plate,1527,1317,2104,1433
C:\Users\amgoo\Desktop\LPDR-system\Datasets\LP-Detection\train\c89a60dd-Vehicle-4.jpg,c89a60dd-Vehicle-4.jpg,4000,3000,License-Plate,897,1015,1304,1248
C:\Users\amgoo\Desktop\LPDR-system\Datasets\LP-Detection\train\c8fb1d40-Vehicle-342.jpg,c8fb1d40-Vehicle-342.jpg,960,960,License-Plate,344,676,466,748
C:\Users\amgoo\Desktop\LPDR-system\Datasets\LP-Detection\train\c9a0e74f-Vehicle-108.jpg,c9a0e74f-Vehicle-108.jpg,4000,3000,License-Plate,1902,1346,2284,1590
C:\Users\amgoo\Desktop\LPDR-system\Datasets\LP-Detection\train\c9b12daa-Vehicle-236.jpg,c9b12daa-Vehicle-236.jpg,1000,666,License-Plate,66,349,123,365
C:\Users\amgoo\Desktop\LPDR-system\Datasets\LP-Detection\train\c9b12daa-Vehicle-236.jpg,c9b12daa-Vehicle-236.jpg,1000,666,License-Plate,333,373,403,391
C:\Users\amgoo\Desktop\LPDR-system\Datasets\LP-Detection\train\c9b12daa-Vehicle-236.jpg,c9b12daa-Vehicle-236.jpg,1000,666,License-Plate,621,417,713,438
C:\Users\amgoo\Desktop\LPDR-system\Datasets\LP-Detection\train\c9c130cc-Vehicle-267.jpg,c9c130cc-Vehicle-267.jpg,1440,1440,License-Plate,536,872,868,944
C:\Users\amgoo\Desktop\LPDR-system\Datasets\LP-Detection\train\ca3b528f-Vehicle-212.jpg,ca3b528f-Vehicle-212.jpg,320,400,License-Plate,111,324,205,342
C:\Users\amgoo\Desktop\LPDR-system\Datasets\LP-Detection\train\ca56a41a-Vehicle-341.jpg,ca56a41a-Vehicle-341.jpg,750,757,License-Plate,335,454,395,490
C:\Users\amgoo\Desktop\LPDR-system\Datasets\LP-Detection\train\cb627de1-Vehicle-338.jpg,cb627de1-Vehicle-338.jpg,1008,756,License-Plate,300,381,375,421
C:\Users\amgoo\Desktop\LPDR-system\Datasets\LP-Detection\train\cb627de1-Vehicle-338.jpg,cb627de1-Vehicle-338.jpg,1008,756,License-Plate,622,363,701,403
C:\Users\amgoo\Desktop\LPDR-system\Datasets\LP-Detection\train\cb70f166-Vehicle-280.jpg,cb70f166-Vehicle-280.jpg,1080,808,License-Plate,446,432,612,522
C:\Users\amgoo\Desktop\LPDR-system\Datasets\LP-Detection\train\cd564302-Vehicle-288.jpg,cd564302-Vehicle-288.jpg,480,360,License-Plate,207,191,302,211
C:\Users\amgoo\Desktop\LPDR-system\Datasets\LP-Detection\train\ce0f5563-Vehicle-54.JPG,ce0f5563-Vehicle-54.JPG,4032,3024,License-Plate,842,2063,1281,2277
C:\Users\amgoo\Desktop\LPDR-system\Datasets\LP-Detection\train\ceab2863-Vehicle-149.jpg,ceab2863-Vehicle-149.jpg,1025,683,License-Plate,711,432,835,462
C:\Users\amgoo\Desktop\LPDR-system\Datasets\LP-Detection\train\cf1a5ae9-Vehicle-195.jpg,cf1a5ae9-Vehicle-195.jpg,640,640,License-Plate,221,387,391,425
C:\Users\amgoo\Desktop\LPDR-system\Datasets\LP-Detection\train\cfa30c70-Vehicle-307.jpg,cfa30c70-Vehicle-307.jpg,1279,1279,License-Plate,433,933,851,1012
C:\Users\amgoo\Desktop\LPDR-system\Datasets\LP-Detection\train\d019c7cf-Vehicle-33.jpg,d019c7cf-Vehicle-33.jpg,4000,3000,License-Plate,1285,1315,2082,1482
C:\Users\amgoo\Desktop\LPDR-system\Datasets\LP-Detection\train\d08fcb1a-Vehicle-215.jpg,d08fcb1a-Vehicle-215.jpg,320,400,License-Plate,114,219,200,238
C:\Users\amgoo\Desktop\LPDR-system\Datasets\LP-Detection\train\d14328cd-Vehicle-392.jpg,d14328cd-Vehicle-392.jpg,906,906,License-Plate,169,699,318,737
C:\Users\amgoo\Desktop\LPDR-system\Datasets\LP-Detection\train\d1ee73ea-Vehicle-324.jpg,d1ee73ea-Vehicle-324.jpg,954,954,License-Plate,259,524,373,552
C:\Users\amgoo\Desktop\LPDR-system\Datasets\LP-Detection\train\d22d11fa-Vehicle-371.jpg,d22d11fa-Vehicle-371.jpg,1280,1280,License-Plate,871,824,1129,872
C:\Users\amgoo\Desktop\LPDR-system\Datasets\LP-Detection\train\d2379abc-Vehicle-434.jpg,d2379abc-Vehicle-434.jpg,320,214,License-Plate,138,130,195,144
C:\Users\amgoo\Desktop\LPDR-system\Datasets\LP-Detection\train\d26da424-Vehicle-275.jpg,d26da424-Vehicle-275.jpg,480,360,License-Plate,210,216,277,231
C:\Users\amgoo\Desktop\LPDR-system\Datasets\LP-Detection\train\d2f18da8-Vehicle-216.jpg,d2f18da8-Vehicle-216.jpg,320,400,License-Plate,18,164,45,170
C:\Users\amgoo\Desktop\LPDR-system\Datasets\LP-Detection\train\d2f18da8-Vehicle-216.jpg,d2f18da8-Vehicle-216.jpg,320,400,License-Plate,106,305,220,328
C:\Users\amgoo\Desktop\LPDR-system\Datasets\LP-Detection\train\d364c177-Vehicle-289.jpg,d364c177-Vehicle-289.jpg,480,600,License-Plate,163,351,327,386
C:\Users\amgoo\Desktop\LPDR-system\Datasets\LP-Detection\train\d512eaba-Vehicle-408.jpg,d512eaba-Vehicle-408.jpg,640,426,License-Plate,251,279,381,310
C:\Users\amgoo\Desktop\LPDR-system\Datasets\LP-Detection\train\d614b15e-Vehicle-465.jpg,d614b15e-Vehicle-465.jpg,1080,1350,License-Plate,419,1000,681,1053
C:\Users\amgoo\Desktop\LPDR-system\Datasets\LP-Detection\train\d624332d-Vehicle-38.JPG,d624332d-Vehicle-38.JPG,4032,3024,License-Plate,1731,1845,2288,1957
C:\Users\amgoo\Desktop\LPDR-system\Datasets\LP-Detection\train\d6282ba3-Vehicle-261.jpg,d6282ba3-Vehicle-261.jpg,1440,1440,License-Plate,481,886,914,983
C:\Users\amgoo\Desktop\LPDR-system\Datasets\LP-Detection\train\d66d14f0-Vehicle-102.jpg,d66d14f0-Vehicle-102.jpg,4000,3000,License-Plate,1705,1390,2378,1778
C:\Users\amgoo\Desktop\LPDR-system\Datasets\LP-Detection\train\d6b15a0d-Vehicle-227.jpg,d6b15a0d-Vehicle-227.jpg,1080,1350,License-Plate,471,759,634,849
C:\Users\amgoo\Desktop\LPDR-system\Datasets\LP-Detection\train\d7b8e6ed-Vehicle-66.JPG,d7b8e6ed-Vehicle-66.JPG,4032,3024,License-Plate,2047,1855,2650,1980
C:\Users\amgoo\Desktop\LPDR-system\Datasets\LP-Detection\train\d8c1b626-Vehicle-350.jpg,d8c1b626-Vehicle-350.jpg,1080,1350,License-Plate,533,1046,977,1145
C:\Users\amgoo\Desktop\LPDR-system\Datasets\LP-Detection\train\d92f0f53-Vehicle-305.jpg,d92f0f53-Vehicle-305.jpg,640,480,License-Plate,256,260,351,311
C:\Users\amgoo\Desktop\LPDR-system\Datasets\LP-Detection\train\d98ccce8-Vehicle-168.jpg,d98ccce8-Vehicle-168.jpg,320,176,License-Plate,105,101,186,117
C:\Users\amgoo\Desktop\LPDR-system\Datasets\LP-Detection\train\da0fa692-Vehicle-326.jpg,da0fa692-Vehicle-326.jpg,1079,960,License-Plate,369,649,484,677
C:\Users\amgoo\Desktop\LPDR-system\Datasets\LP-Detection\train\da0fa692-Vehicle-326.jpg,da0fa692-Vehicle-326.jpg,1079,960,License-Plate,882,628,941,647
C:\Users\amgoo\Desktop\LPDR-system\Datasets\LP-Detection\train\da1df504-Vehicle-119.jpg,da1df504-Vehicle-119.jpg,4000,3000,License-Plate,2036,1456,2531,1573
C:\Users\amgoo\Desktop\LPDR-system\Datasets\LP-Detection\train\dad85b5b-Vehicle-145.jpg,dad85b5b-Vehicle-145.jpg,1080,1080,License-Plate,383,789,657,847
C:\Users\amgoo\Desktop\LPDR-system\Datasets\LP-Detection\train\db141bed-Vehicle-6.jpg,db141bed-Vehicle-6.jpg,4000,3000,License-Plate,1497,1142,1995,1433
C:\Users\amgoo\Desktop\LPDR-system\Datasets\LP-Detection\train\dbeb3c71-Vehicle-204.jpg,dbeb3c71-Vehicle-204.jpg,320,240,License-Plate,115,181,185,197
C:\Users\amgoo\Desktop\LPDR-system\Datasets\LP-Detection\train\dc76daa6-Vehicle-358.jpg,dc76daa6-Vehicle-358.jpg,1080,810,License-Plate,784,442,883,463
C:\Users\amgoo\Desktop\LPDR-system\Datasets\LP-Detection\train\dc76daa6-Vehicle-358.jpg,dc76daa6-Vehicle-358.jpg,1080,810,License-Plate,370,677,498,709
C:\Users\amgoo\Desktop\LPDR-system\Datasets\LP-Detection\train\dcf930c7-Vehicle-425.jpg,dcf930c7-Vehicle-425.jpg,640,361,License-Plate,134,241,250,269
C:\Users\amgoo\Desktop\LPDR-system\Datasets\LP-Detection\train\dd905a79-Vehicle-379.jpg,dd905a79-Vehicle-379.jpg,1080,1350,License-Plate,428,754,586,837
C:\Users\amgoo\Desktop\LPDR-system\Datasets\LP-Detection\train\ddb51e18-Vehicle-105.jpg,ddb51e18-Vehicle-105.jpg,4000,3000,License-Plate,1814,1374,2333,1691
C:\Users\amgoo\Desktop\LPDR-system\Datasets\LP-Detection\train\dec42a08-Vehicle-405.jpg,dec42a08-Vehicle-405.jpg,1080,744,License-Plate,500,477,698,519
C:\Users\amgoo\Desktop\LPDR-system\Datasets\LP-Detection\train\defea0ac-Vehicle-340.jpg,defea0ac-Vehicle-340.jpg,1080,1350,License-Plate,315,853,431,923
C:\Users\amgoo\Desktop\LPDR-system\Datasets\LP-Detection\train\df351ae6-Vehicle-414.jpg,df351ae6-Vehicle-414.jpg,1080,720,License-Plate,663,360,760,422
C:\Users\amgoo\Desktop\LPDR-system\Datasets\LP-Detection\train\df351ae6-Vehicle-414.jpg,df351ae6-Vehicle-414.jpg,1080,720,License-Plate,897,261,956,282
C:\Users\amgoo\Desktop\LPDR-system\Datasets\LP-Detection\train\df8c28b0-Vehicle-262.jpg,df8c28b0-Vehicle-262.jpg,1440,1440,License-Plate,499,547,888,634
